{
	"countries": {
		"AF": "Afghanistan",
		"AX": "Aland Islands",
		"AL": "Albania",
		"DZ": "Algeria",
		"AS": "American Samoa",
		"AD": "Andorra",
		"AO": "Angola",
		"AI": "Anguilla",
		"AQ": "Antarctica",
		"AG": "Antigua and Barbuda",
		"AR": "Argentina",
		"AM": "Armenia",
		"AW": "Aruba",
		"AU": "Australia",
		"AT": "Austria",
		"AZ": "Azerbaijan",
		"BS": "Bahamas",
		"BH": "Bahrain",
		"BD": "Bangladesh",
		"BB": "Barbados",
		"BY": "Belarus",
		"BE": "Belgium",
		"BZ": "Belize",
		"BJ": "Benin",
		"BM": "Bermuda",
		"BT": "Bhutan",
		"BO": "Bolivia",
		"BQ": "Bonaire, Sint Eustatius and Saba",
		"BA": "Bosnia and Herzegovina",
		"BW": "Botswana",
		"BV": "Bouvet Island",
		"BR": "Brazil",
		"IO": "British Indian Ocean Territory",
		"BN": "Brunei",
		"BG": "Bulgaria",
		"BF": "Burkina Faso",
		"BI": "Burundi",
		"KH": "Cambodia",
		"CM": "Cameroon",
		"CA": "Canada",
		"CV": "Cape Verde",
		"KY": "Cayman Islands",
		"CF": "Central African Republic",
		"TD": "Chad",
		"CL": "Chile",
		"CN": "China",
		"CX": "Christmas Island",
		"CC": "Cocos (Keeling) Islands",
		"CO": "Colombia",
		"KM": "Comoros",
		"CG": "Congo, Republic of the",
		"CD": "Congo, the Democratic Republic of the",
		"CK": "Cook Islands",
		"CR": "Costa Rica",
		"CI": "Cote d'Ivoire",
		"HR": "Croatia",
		"CU": "Cuba",
		"CW": "Curacao",
		"CY": "Cyprus",
		"CZ": "Czech Republic",
		"DK": "Denmark",
		"DJ": "Djibouti",
		"DM": "Dominica",
		"DO": "Dominican Republic",
		"TL": "East Timor",
		"EC": "Ecuador",
		"EG": "Egypt",
		"SV": "El Salvador",
		"GQ": "Equatorial Guinea",
		"ER": "Eritrea",
		"EE": "Estonia",
		"ET": "Ethiopia",
		"FK": "Falkland Islands (Malvinas)",
		"FO": "Faroe Islands",
		"FJ": "Fiji",
		"FI": "Finland",
		"FR": "France",
		"GF": "French Guiana",
		"PF": "French Polynesia",
		"TF": "French Southern Territories",
		"GA": "Gabon",
		"GM": "Gambia",
		"GE": "Georgia",
		"DE": "Germany",
		"GH": "Ghana",
		"GI": "Gibraltar",
		"GR": "Greece",
		"GL": "Greenland",
		"GD": "Grenada",
		"GP": "Guadeloupe",
		"GU": "Guam",
		"GT": "Guatemala",
		"GG": "Guernsey",
		"GN": "Guinea",
		"GW": "Guinea-Bissau",
		"GY": "Guyana",
		"HT": "Haiti",
		"HM": "Heard Island and McDonald Islands",
		"HN": "Honduras",
		"HK": "Hong Kong",
		"HU": "Hungary",
		"IS": "Iceland",
		"IN": "India",
		"ID": "Indonesia",
		"IR": "Iran",
		"IQ": "Iraq",
		"IE": "Ireland",
		"IM": "Isle of Man",
		"IL": "Israel",
		"IT": "Italy",
		"JM": "Jamaica",
		"JP": "Japan",
		"JE": "Jersey",
		"JO": "Jordan",
		"KZ": "Kazakhstan",
		"KE": "Kenya",
		"KI": "Kiribati",
		"KW": "Kuwait",
		"KG": "Kyrgyzstan",
		"LA": "Laos",
		"LV": "Latvia",
		"LB": "Lebanon",
		"LS": "Lesotho",
		"LR": "Liberia",
		"LY": "Libya",
		"LI": "Liechtenstein",
		"LT": "Lithuania",
		"LU": "Luxembourg",
		"MO": "Macau",
		"MK": "Macedonia",
		"MG": "Madagascar",
		"MW": "Malawi",
		"MY": "Malaysia",
		"MV": "Maldives",
		"ML": "Mali",
		"MT": "Malta",
		"MH": "Marshall Islands",
		"MQ": "Martinique",
		"MR": "Mauritania",
		"MU": "Mauritius",
		"YT": "Mayotte",
		"MX": "Mexico",
		"FM": "Micronesia, Federated States of",
		"MD": "Moldova, Republic of",
		"MC": "Monaco",
		"MN": "Mongolia",
		"ME": "Montenegro",
		"MS": "Montserrat",
		"MA": "Morocco",
		"MZ": "Mozambique",
		"MM": "Myanmar (Burma)",
		"NA": "Namibia",
		"NR": "Nauru",
		"NP": "Nepal",
		"NL": "Netherlands",
		"NC": "New Caledonia",
		"NZ": "New Zealand",
		"NI": "Nicaragua",
		"NE": "Niger",
		"NG": "Nigeria",
		"NU": "Niue",
		"NF": "Norfolk Island",
		"KP": "North Korea",
		"MP": "Northern Mariana Islands",
		"NO": "Norway",
		"OM": "Oman",
		"PK": "Pakistan",
		"PW": "Palau",
		"PS": "Palestinian Territory, Occupied",
		"PA": "Panama",
		"PG": "Papua New Guinea",
		"PY": "Paraguay",
		"PE": "Peru",
		"PH": "Philippines",
		"PN": "Pitcairn",
		"PL": "Poland",
		"PT": "Portugal",
		"PR": "Puerto Rico",
		"QA": "Qatar",
		"RE": "Reunion",
		"RO": "Romania",
		"RU": "Russia",
		"RW": "Rwanda",
		"BL": "Saint Barthelemy",
		"SH": "Saint Helena",
		"KN": "Saint Kitts and Nevis",
		"LC": "Saint Lucia",
		"MF": "Saint Martin (French part)",
		"PM": "Saint Pierre and Miquelon",
		"VC": "Saint Vincent and the Grenadines",
		"WS": "Samoa",
		"SM": "San Marino",
		"ST": "Sao Tome and Principe",
		"SA": "Saudi Arabia",
		"SN": "Senegal",
		"RS": "Serbia",
		"SC": "Seychelles",
		"SL": "Sierra Leone",
		"SG": "Singapore",
		"SX": "Sint Maarten",
		"SK": "Slovakia",
		"SI": "Slovenia",
		"SB": "Solomon Islands",
		"SO": "Somalia",
		"ZA": "South Africa",
		"GS": "South Georgia and the South Sandwich Islands",
		"KR": "South Korea",
		"ES": "Spain",
		"LK": "Sri Lanka",
		"SD": "Sudan",
		"SR": "Suriname",
		"SJ": "Svalbard and Jan Mayen",
		"SZ": "Swaziland",
		"SE": "Sweden",
		"CH": "Switzerland",
		"SY": "Syria",
		"TW": "Taiwan",
		"TJ": "Tajikistan",
		"TZ": "Tanzania",
		"TH": "Thailand",
		"TG": "Togo",
		"TK": "Tokelau",
		"TO": "Tonga",
		"TT": "Trinidad and Tobago",
		"TN": "Tunisia",
		"TR": "Turkey",
		"TM": "Turkmenistan",
		"TC": "Turks and Caicos Islands",
		"TV": "Tuvalu",
		"UG": "Uganda",
		"UA": "Ukraine",
		"AE": "United Arab Emirates",
		"GB": "United Kingdom",
		"US": "United States",
		"UM": "United States Minor Outlying Islands",
		"UY": "Uruguay",
		"UZ": "Uzbekistan",
		"VU": "Vanuatu",
		"VA": "Vatican City",
		"VE": "Venezuela",
		"VN": "Vietnam",
		"VG": "Virgin Islands, British",
		"VI": "Virgin Islands, U.S.",
		"WF": "Wallis and Futuna",
		"EH": "Western Sahara",
		"YE": "Yemen",
		"ZM": "Zambia",
		"ZW": "Zimbabwe"
	},
	"capitalCities": {
		"AF": "Kabul",
		"AX": "Mariehamn",
		"AL": "Tirana",
		"DZ": "Algiers",
		"AS": "Pago Pago",
		"AD": "Andorra la Vella",
		"AO": "Luanda",
		"AI": "The Valley",
		"AQ": "",
		"AG": "St. John's",
		"AR": "Buenos Aires",
		"AM": "Yerevan",
		"AW": "Oranjestad",
		"AU": "Canberra",
		"AT": "Vienna",
		"AZ": "Baku",
		"BS": "Nassau",
		"BH": "Manama",
		"BD": "Dhaka",
		"BB": "Bridgetown",
		"BY": "Minsk",
		"BE": "Brussels",
		"BZ": "Belmopan",
		"BJ": "Porto-Novo",
		"BM": "Hamilton",
		"BT": "Thimphu",
		"BO": "Sucre",
		"BQ": "",
		"BA": "Sarajevo",
		"BW": "Gaborone",
		"BV": "",
		"BR": "Brasilia",
		"IO": "Diego Garcia",
		"BN": "Bandar Seri Begawan",
		"BG": "Sofia",
		"BF": "Ouagadougou",
		"BI": "Bujumbura",
		"KH": "Phnom Penh",
		"CM": "Yaounde",
		"CA": "Ottawa",
		"CV": "Praia",
		"KY": "George Town",
		"CF": "Bangui",
		"TD": "N'Djamena",
		"CL": "Santiago",
		"CN": "Beijing",
		"CX": "Flying Fish Cove",
		"CC": "West Island",
		"CO": "Bogota",
		"KM": "Moroni",
		"CG": "Brazzaville",
		"CD": "Kinshasa",
		"CK": "Avarua",
		"CR": "San Jose",
		"CI": "Yamoussoukro",
		"HR": "Zagreb",
		"CU": "Havana",
		"CW": "Willemstad",
		"CY": "Nicosia",
		"CZ": "Prague",
		"DK": "Copenhagen",
		"DJ": "Djibouti",
		"DM": "Roseau",
		"DO": "Santo Domingo",
		"TL": "Dili",
		"EC": "Quito",
		"EG": "Cairo",
		"SV": "San Salvador",
		"GQ": "Malabo",
		"ER": "Asmara",
		"EE": "Tallinn",
		"ET": "Addis Ababa",
		"FK": "Stanley",
		"FO": "Torshavn",
		"FJ": "Suva",
		"FI": "Helsinki",
		"FR": "Paris",
		"GF": "Cayenne",
		"PF": "Papeete",
		"TF": "Port-aux-Francais",
		"GA": "Libreville",
		"GM": "Banjul",
		"GE": "Tbilisi",
		"DE": "Berlin",
		"GH": "Accra",
		"GI": "Gibraltar",
		"GR": "Athens",
		"GL": "Nuuk",
		"GD": "St. George's",
		"GP": "",
		"GU": "Hagatna",
		"GT": "Guatemala City",
		"GG": "St. Peter Port",
		"GN": "Conakry",
		"GW": "Bissau",
		"GY": "Georgetown",
		"HT": "Port-au-Prince",
		"HM": "",
		"HN": "Tegucigalpa",
		"HK": "",
		"HU": "Budapest",
		"IS": "Reykjavik",
		"IN": "New Delhi",
		"ID": "Jakarta",
		"IR": "Tehran",
		"IQ": "Baghdad",
		"IE": "Dublin",
		"IM": "Douglas",
		"IL": "Jerusalem",
		"IT": "Rome",
		"JM": "Kingston",
		"JP": "Tokyo",
		"JE": "St. Helier",
		"JO": "Amman",
		"KZ": "Astana",
		"KE": "Nairobi",
		"KI": "Tarawa",
		"KW": "Kuwait City",
		"KG": "Bishkek",
		"LA": "Vientiane",
		"LV": "Riga",
		"LB": "Beirut",
		"LS": "Maseru",
		"LR": "Monrovia",
		"LY": "Tripoli",
		"LI": "Vaduz",
		"LT": "Vilnius",
		"LU": "Luxembourg",
		"MO": "",
		"MK": "Skopje",
		"MG": "Antananarivo",
		"MW": "Lilongwe",
		"MY": "Kuala Lumpur",
		"MV": "Male",
		"ML": "Bamako",
		"MT": "Valletta",
		"MH": "Majuro",
		"MQ": "",
		"MR": "Nouakchott",
		"MU": "Port Louis",
		"YT": "Mamoudzou",
		"MX": "Mexico City",
		"FM": "Palikir",
		"MD": "Chisinau",
		"MC": "Monaco",
		"MN": "Ulaanbaatar",
		"ME": "Podgorica",
		"MS": "Plymouth",
		"MA": "Rabat",
		"MZ": "Maputo",
		"MM": "Naypyidaw",
		"NA": "Windhoek",
		"NR": "Yaren",
		"NP": "Kathmandu",
		"NL": "Amsterdam",
		"NC": "Noumea",
		"NZ": "Wellington",
		"NI": "Managua",
		"NE": "Niamey",
		"NG": "Abuja",
		"NU": "Alofi",
		"NF": "Kingston",
		"KP": "Pyongyang",
		"MP": "Saipan",
		"NO": "Oslo",
		"OM": "Muscat",
		"PK": "Islamabad",
		"PW": "Ngerulmud",
		"PS": "",
		"PA": "Panama City",
		"PG": "Port Moresby",
		"PY": "Asuncion",
		"PE": "Lima",
		"PH": "Manila",
		"PN": "Adamstown",
		"PL": "Warsaw",
		"PT": "Lisbon",
		"PR": "San Juan",
		"QA": "Doha",
		"RE": "",
		"RO": "Bucharest",
		"RU": "Moscow",
		"RW": "Kigali",
		"BL": "Gustavia",
		"SH": "Jamestown",
		"KN": "Basseterre",
		"LC": "Castries",
		"MF": "Marigot",
		"PM": "St. Pierre",
		"VC": "Kingstown",
		"WS": "Apia",
		"SM": "San Marino",
		"ST": "Sao Tome",
		"SA": "Riyadh",
		"SN": "Dakar",
		"RS": "Belgrade",
		"SC": "Victoria",
		"SL": "Freetown",
		"SG": "Singapore",
		"SX": "Philipsburg",
		"SK": "Bratislava",
		"SI": "Ljubljana",
		"SB": "Honiara",
		"SO": "Mogadishu",
		"ZA": "Pretoria",
		"GS": "Grytviken",
		"KR": "Seoul",
		"ES": "Madrid",
		"LK": "Sri Jayawardenapura Kotte",
		"SD": "Khartoum",
		"SR": "Paramaribo",
		"SJ": "",
		"SZ": "Mbabane",
		"SE": "Stockholm",
		"CH": "Bern",
		"SY": "Damascus",
		"TW": "Taipei",
		"TJ": "Dushanbe",
		"TZ": "Dodoma",
		"TH": "Bangkok",
		"TG": "Lome",
		"TK": "",
		"TO": "Nuku",
		"TT": "Port of Spain",
		"TN": "Tunis",
		"TR": "Ankara",
		"TM": "Ashgabat",
		"TC": "Cockburn Town",
		"TV": "Funafuti",
		"UG": "Kampala",
		"UA": "Kiev",
		"AE": "Abu Dhabi",
		"GB": "London",
		"US": "Washington, D.C.",
		"UM": "",
		"UY": "Montevideo",
		"UZ": "Tashkent",
		"VU": "Port Vila",
		"VA": "Vatican City",
		"VE": "Caracas",
		"VN": "Hanoi",
		"VG": "Road Town",
		"VI": "Charlotte Amalie",
		"WF": "Mata-Utu",
		"EH": "Laayoune (El Aaiun)",
		"YE": "Sanaa",
		"ZM": "Lusaka",
		"ZW": "Harare"
	},
	"currencies": {
		"singular": {
			"USD": "US Dollar",
			"CAD": "Canadian Dollar",
			"EUR": "Euro",
			"AED": "United Arab Emirates Dirham",
			"AFN": "Afghan Afghani",
			"ALL": "Albanian Lek",
			"AMD": "Armenian Dram",
			"ARS": "Argentine Peso",
			"AUD": "Australian Dollar",
			"AZN": "Azerbaijani Manat",
			"BAM": "Bosnia-Herzegovina Convertible Mark",
			"BDT": "Bangladeshi Taka",
			"BGN": "Bulgarian Lev",
			"BHD": "Bahraini Dinar",
			"BIF": "Burundian Franc",
			"BND": "Brunei Dollar",
			"BOB": "Bolivian Boliviano",
			"BRL": "Brazilian Real",
			"BWP": "Botswanan Pula",
			"BYR": "Belarusian Ruble",
			"BZD": "Belize Dollar",
			"CDF": "Congolese Franc",
			"CHF": "Swiss Franc",
			"CLP": "Chilean Peso",
			"CNY": "Chinese Yuan",
			"COP": "Colombian Peso",
			"CRC": "Costa Rican Colón",
			"CVE": "Cape Verdean Escudo",
			"CZK": "Czech Republic Koruna",
			"DJF": "Djiboutian Franc",
			"DKK": "Danish Krone",
			"DOP": "Dominican Peso",
			"DZD": "Algerian Dinar",
			"EEK": "Estonian Kroon",
			"EGP": "Egyptian Pound",
			"ERN": "Eritrean Nakfa",
			"ETB": "Ethiopian Birr",
			"GBP": "British Pound Sterling",
			"GEL": "Georgian Lari",
			"GHS": "Ghanaian Cedi",
			"GNF": "Guinean Franc",
			"GTQ": "Guatemalan Quetzal",
			"HKD": "Hong Kong Dollar",
			"HNL": "Honduran Lempira",
			"HRK": "Croatian Kuna",
			"HUF": "Hungarian Forint",
			"IDR": "Indonesian Rupiah",
			"ILS": "Israeli New Sheqel",
			"INR": "Indian Rupee",
			"IQD": "Iraqi Dinar",
			"IRR": "Iranian Rial",
			"ISK": "Icelandic Króna",
			"JMD": "Jamaican Dollar",
			"JOD": "Jordanian Dinar",
			"JPY": "Japanese Yen",
			"KES": "Kenyan Shilling",
			"KHR": "Cambodian Riel",
			"KMF": "Comorian Franc",
			"KRW": "South Korean Won",
			"KWD": "Kuwaiti Dinar",
			"KZT": "Kazakhstani Tenge",
			"LBP": "Lebanese Pound",
			"LKR": "Sri Lankan Rupee",
			"LTL": "Lithuanian Litas",
			"LVL": "Latvian Lats",
			"LYD": "Libyan Dinar",
			"MAD": "Moroccan Dirham",
			"MDL": "Moldovan Leu",
			"MGA": "Malagasy Ariary",
			"MKD": "Macedonian Denar",
			"MMK": "Myanma Kyat",
			"MOP": "Macanese Pataca",
			"MUR": "Mauritian Rupee",
			"MXN": "Mexican Peso",
			"MYR": "Malaysian Ringgit",
			"MZN": "Mozambican Metical",
			"NAD": "Namibian Dollar",
			"NGN": "Nigerian Naira",
			"NIO": "Nicaraguan Córdoba",
			"NOK": "Norwegian Krone",
			"NPR": "Nepalese Rupee",
			"NZD": "New Zealand Dollar",
			"OMR": "Omani Rial",
			"PAB": "Panamanian Balboa",
			"PEN": "Peruvian Nuevo Sol",
			"PHP": "Philippine Peso",
			"PKR": "Pakistani Rupee",
			"PLN": "Polish Zloty",
			"PYG": "Paraguayan Guarani",
			"QAR": "Qatari Rial",
			"RON": "Romanian Leu",
			"RSD": "Serbian Dinar",
			"RUB": "Russian Ruble",
			"RWF": "Rwandan Franc",
			"SAR": "Saudi Riyal",
			"SDG": "Sudanese Pound",
			"SEK": "Swedish Krona",
			"SGD": "Singapore Dollar",
			"SOS": "Somali Shilling",
			"SYP": "Syrian Pound",
			"THB": "Thai Baht",
			"TND": "Tunisian Dinar",
			"TOP": "Tongan Paʻanga",
			"TRY": "Turkish Lira",
			"TTD": "Trinidad and Tobago Dollar",
			"TWD": "New Taiwan Dollar",
			"TZS": "Tanzanian Shilling",
			"UAH": "Ukrainian Hryvnia",
			"UGX": "Ugandan Shilling",
			"UYU": "Uruguayan Peso",
			"UZS": "Uzbekistan Som",
			"VEF": "Venezuelan Bolívar",
			"VND": "Vietnamese Dong",
			"XAF": "CFA Franc BEAC",
			"XOF": "CFA Franc BCEAO",
			"YER": "Yemeni Rial",
			"ZAR": "South African Rand",
			"ZMW": "Zambian Kwacha"
		},
		"plural": {
			"USD": "US dollars",
			"CAD": "Canadian dollars",
			"EUR": "euros",
			"AED": "UAE dirhams",
			"AFN": "Afghan Afghanis",
			"ALL": "Albanian lekë",
			"AMD": "Armenian drams",
			"ARS": "Argentine pesos",
			"AUD": "Australian dollars",
			"AZN": "Azerbaijani manats",
			"BAM": "Bosnia-Herzegovina convertible marks",
			"BDT": "Bangladeshi takas",
			"BGN": "Bulgarian leva",
			"BHD": "Bahraini dinars",
			"BIF": "Burundian francs",
			"BND": "Brunei dollars",
			"BOB": "Bolivian bolivianos",
			"BRL": "Brazilian reals",
			"BWP": "Botswanan pulas",
			"BYR": "Belarusian rubles",
			"BZD": "Belize dollars",
			"CDF": "Congolese francs",
			"CHF": "Swiss francs",
			"CLP": "Chilean pesos",
			"CNY": "Chinese yuan",
			"COP": "Colombian pesos",
			"CRC": "Costa Rican colóns",
			"CVE": "Cape Verdean escudos",
			"CZK": "Czech Republic korunas",
			"DJF": "Djiboutian francs",
			"DKK": "Danish kroner",
			"DOP": "Dominican pesos",
			"DZD": "Algerian dinars",
			"EEK": "Estonian kroons",
			"EGP": "Egyptian pounds",
			"ERN": "Eritrean nakfas",
			"ETB": "Ethiopian birrs",
			"GBP": "British pounds sterling",
			"GEL": "Georgian laris",
			"GHS": "Ghanaian cedis",
			"GNF": "Guinean francs",
			"GTQ": "Guatemalan quetzals",
			"HKD": "Hong Kong dollars",
			"HNL": "Honduran lempiras",
			"HRK": "Croatian kunas",
			"HUF": "Hungarian forints",
			"IDR": "Indonesian rupiahs",
			"ILS": "Israeli new sheqels",
			"INR": "Indian rupees",
			"IQD": "Iraqi dinars",
			"IRR": "Iranian rials",
			"ISK": "Icelandic krónur",
			"JMD": "Jamaican dollars",
			"JOD": "Jordanian dinars",
			"JPY": "Japanese yen",
			"KES": "Kenyan shillings",
			"KHR": "Cambodian riels",
			"KMF": "Comorian francs",
			"KRW": "South Korean won",
			"KWD": "Kuwaiti dinars",
			"KZT": "Kazakhstani tenges",
			"LBP": "Lebanese pounds",
			"LKR": "Sri Lankan rupees",
			"LTL": "Lithuanian litai",
			"LVL": "Latvian lati",
			"LYD": "Libyan dinars",
			"MAD": "Moroccan dirhams",
			"MDL": "Moldovan lei",
			"MGA": "Malagasy Ariaries",
			"MKD": "Macedonian denari",
			"MMK": "Myanma kyats",
			"MOP": "Macanese patacas",
			"MUR": "Mauritian rupees",
			"MXN": "Mexican pesos",
			"MYR": "Malaysian ringgits",
			"MZN": "Mozambican meticals",
			"NAD": "Namibian dollars",
			"NGN": "Nigerian nairas",
			"NIO": "Nicaraguan córdobas",
			"NOK": "Norwegian kroner",
			"NPR": "Nepalese rupees",
			"NZD": "New Zealand dollars",
			"OMR": "Omani rials",
			"PAB": "Panamanian balboas",
			"PEN": "Peruvian nuevos soles",
			"PHP": "Philippine pesos",
			"PKR": "Pakistani rupees",
			"PLN": "Polish zlotys",
			"PYG": "Paraguayan guaranis",
			"QAR": "Qatari rials",
			"RON": "Romanian lei",
			"RSD": "Serbian dinars",
			"RUB": "Russian rubles",
			"RWF": "Rwandan francs",
			"SAR": "Saudi riyals",
			"SDG": "Sudanese pounds",
			"SEK": "Swedish kronor",
			"SGD": "Singapore dollars",
			"SOS": "Somali shillings",
			"SYP": "Syrian pounds",
			"THB": "Thai baht",
			"TND": "Tunisian dinars",
			"TOP": "Tongan paʻanga",
			"TRY": "Turkish Lira",
			"TTD": "Trinidad and Tobago dollars",
			"TWD": "New Taiwan dollars",
			"TZS": "Tanzanian shillings",
			"UAH": "Ukrainian hryvnias",
			"UGX": "Ugandan shillings",
			"UYU": "Uruguayan pesos",
			"UZS": "Uzbekistan som",
			"VEF": "Venezuelan bolívars",
			"VND": "Vietnamese dong",
			"XAF": "CFA francs BEAC",
			"XOF": "CFA francs BCEAO",
			"YER": "Yemeni rials",
			"ZAR": "South African rand",
			"ZMW": "Zambian kwachas"
		}
	},
	"timezones": {
		"Etc/GMT+12": "GMT-12:00",
		"Etc/GMT+11": "GMT-11:00",
		"Pacific/Midway": "Samoa Standard Time",
		"Pacific/Niue": "Niue Time",
		"Pacific/Pago_Pago": "Samoa Standard Time",
		"Pacific/Samoa": "Samoa Standard Time",
		"US/Samoa": "Samoa Standard Time",
		"America/Adak": "Hawaii-Aleutian Standard Time",
		"America/Atka": "Hawaii-Aleutian Standard Time",
		"Etc/GMT+10": "GMT-10:00",
		"HST": "Hawaii Standard Time",
		"Pacific/Honolulu": "Hawaii Standard Time",
		"Pacific/Johnston": "Hawaii Standard Time",
		"Pacific/Rarotonga": "Cook Is. Time",
		"Pacific/Tahiti": "Tahiti Time",
		"SystemV/HST10": "Hawaii Standard Time",
		"US/Aleutian": "Hawaii-Aleutian Standard Time",
		"US/Hawaii": "Hawaii Standard Time",
		"Pacific/Marquesas": "Marquesas Time",
		"AST": "Alaska Standard Time",
		"America/Anchorage": "Alaska Standard Time",
		"America/Juneau": "Alaska Standard Time",
		"America/Nome": "Alaska Standard Time",
		"America/Sitka": "Alaska Standard Time",
		"America/Yakutat": "Alaska Standard Time",
		"Etc/GMT+9": "GMT-09:00",
		"Pacific/Gambier": "Gambier Time",
		"SystemV/YST9": "Alaska Standard Time",
		"SystemV/YST9YDT": "Alaska Standard Time",
		"US/Alaska": "Alaska Standard Time",
		"America/Dawson": "Pacific Standard Time",
		"America/Ensenada": "Pacific Standard Time",
		"America/Los_Angeles": "Pacific Standard Time",
		"America/Metlakatla": "Pacific Standard Time",
		"America/Santa_Isabel": "Pacific Standard Time",
		"America/Tijuana": "Pacific Standard Time",
		"America/Vancouver": "Pacific Standard Time",
		"America/Whitehorse": "Pacific Standard Time",
		"Canada/Pacific": "Pacific Standard Time",
		"Canada/Yukon": "Pacific Standard Time",
		"Etc/GMT+8": "GMT-08:00",
		"Mexico/BajaNorte": "Pacific Standard Time",
		"PST": "Pacific Standard Time",
		"PST8PDT": "Pacific Standard Time",
		"Pacific/Pitcairn": "Pitcairn Standard Time",
		"SystemV/PST8": "Pacific Standard Time",
		"SystemV/PST8PDT": "Pacific Standard Time",
		"US/Pacific": "Pacific Standard Time",
		"US/Pacific-New": "Pacific Standard Time",
		"America/Boise": "Mountain Standard Time",
		"America/Cambridge_Bay": "Mountain Standard Time",
		"America/Chihuahua": "Mountain Standard Time",
		"America/Creston": "Mountain Standard Time",
		"America/Dawson_Creek": "Mountain Standard Time",
		"America/Denver": "Mountain Standard Time",
		"America/Edmonton": "Mountain Standard Time",
		"America/Hermosillo": "Mountain Standard Time",
		"America/Inuvik": "Mountain Standard Time",
		"America/Mazatlan": "Mountain Standard Time",
		"America/Ojinaga": "Mountain Standard Time",
		"America/Phoenix": "Mountain Standard Time",
		"America/Shiprock": "Mountain Standard Time",
		"America/Yellowknife": "Mountain Standard Time",
		"Canada/Mountain": "Mountain Standard Time",
		"Etc/GMT+7": "GMT-07:00",
		"MST": "Mountain Standard Time",
		"MST7MDT": "Mountain Standard Time",
		"Mexico/BajaSur": "Mountain Standard Time",
		"Navajo": "Mountain Standard Time",
		"PNT": "Mountain Standard Time",
		"SystemV/MST7": "Mountain Standard Time",
		"SystemV/MST7MDT": "Mountain Standard Time",
		"US/Arizona": "Mountain Standard Time",
		"US/Mountain": "Mountain Standard Time",
		"America/Bahia_Banderas": "Central Standard Time",
		"America/Belize": "Central Standard Time",
		"America/Cancun": "Central Standard Time",
		"America/Chicago": "Central Standard Time",
		"America/Costa_Rica": "Central Standard Time",
		"America/El_Salvador": "Central Standard Time",
		"America/Guatemala": "Central Standard Time",
		"America/Indiana/Knox": "Central Standard Time",
		"America/Indiana/Tell_City": "Central Standard Time",
		"America/Knox_IN": "Central Standard Time",
		"America/Managua": "Central Standard Time",
		"America/Matamoros": "Central Standard Time",
		"America/Menominee": "Central Standard Time",
		"America/Merida": "Central Standard Time",
		"America/Mexico_City": "Central Standard Time",
		"America/Monterrey": "Central Standard Time",
		"America/North_Dakota/Beulah": "Central Standard Time",
		"America/North_Dakota/Center": "Central Standard Time",
		"America/North_Dakota/New_Salem": "Central Standard Time",
		"America/Rainy_River": "Central Standard Time",
		"America/Rankin_Inlet": "Central Standard Time",
		"America/Regina": "Central Standard Time",
		"America/Resolute": "Central Standard Time",
		"America/Swift_Current": "Central Standard Time",
		"America/Tegucigalpa": "Central Standard Time",
		"America/Winnipeg": "Central Standard Time",
		"CST": "Central Standard Time",
		"CST6CDT": "Central Standard Time",
		"Canada/Central": "Central Standard Time",
		"Canada/East-Saskatchewan": "Central Standard Time",
		"Canada/Saskatchewan": "Central Standard Time",
		"Chile/EasterIsland": "Easter Is. Time",
		"Etc/GMT+6": "GMT-06:00",
		"Mexico/General": "Central Standard Time",
		"Pacific/Easter": "Easter Is. Time",
		"Pacific/Galapagos": "Galapagos Time",
		"SystemV/CST6": "Central Standard Time",
		"SystemV/CST6CDT": "Central Standard Time",
		"US/Central": "Central Standard Time",
		"US/Indiana-Starke": "Central Standard Time",
		"America/Atikokan": "Eastern Standard Time",
		"America/Bogota": "Colombia Time",
		"America/Cayman": "Eastern Standard Time",
		"America/Coral_Harbour": "Eastern Standard Time",
		"America/Detroit": "Eastern Standard Time",
		"America/Eirunepe": "Acre Time",
		"America/Fort_Wayne": "Eastern Standard Time",
		"America/Guayaquil": "Ecuador Time",
		"America/Havana": "Cuba Standard Time",
		"America/Indiana/Indianapolis": "Eastern Standard Time",
		"America/Indiana/Marengo": "Eastern Standard Time",
		"America/Indiana/Petersburg": "Eastern Standard Time",
		"America/Indiana/Vevay": "Eastern Standard Time",
		"America/Indiana/Vincennes": "Eastern Standard Time",
		"America/Indiana/Winamac": "Eastern Standard Time",
		"America/Indianapolis": "Eastern Standard Time",
		"America/Iqaluit": "Eastern Standard Time",
		"America/Jamaica": "Eastern Standard Time",
		"America/Kentucky/Louisville": "Eastern Standard Time",
		"America/Kentucky/Monticello": "Eastern Standard Time",
		"America/Lima": "Peru Time",
		"America/Louisville": "Eastern Standard Time",
		"America/Montreal": "Eastern Standard Time",
		"America/Nassau": "Eastern Standard Time",
		"America/New_York": "Eastern Standard Time",
		"America/Nipigon": "Eastern Standard Time",
		"America/Panama": "Eastern Standard Time",
		"America/Pangnirtung": "Eastern Standard Time",
		"America/Port-au-Prince": "Eastern Standard Time",
		"America/Porto_Acre": "Acre Time",
		"America/Rio_Branco": "Acre Time",
		"America/Thunder_Bay": "Eastern Standard Time",
		"America/Toronto": "Eastern Standard Time",
		"Brazil/Acre": "Acre Time",
		"Canada/Eastern": "Eastern Standard Time",
		"Cuba": "Cuba Standard Time",
		"EST": "Eastern Standard Time",
		"EST5EDT": "Eastern Standard Time",
		"Etc/GMT+5": "GMT-05:00",
		"IET": "Eastern Standard Time",
		"Jamaica": "Eastern Standard Time",
		"SystemV/EST5": "Eastern Standard Time",
		"SystemV/EST5EDT": "Eastern Standard Time",
		"US/East-Indiana": "Eastern Standard Time",
		"US/Eastern": "Eastern Standard Time",
		"US/Michigan": "Eastern Standard Time",
		"America/Caracas": "Venezuela Time",
		"America/Anguilla": "Atlantic Standard Time",
		"America/Antigua": "Atlantic Standard Time",
		"America/Aruba": "Atlantic Standard Time",
		"America/Asuncion": "Paraguay Time",
		"America/Barbados": "Atlantic Standard Time",
		"America/Blanc-Sablon": "Atlantic Standard Time",
		"America/Boa_Vista": "Amazon Time",
		"America/Campo_Grande": "Amazon Time",
		"America/Cuiaba": "Amazon Time",
		"America/Curacao": "Atlantic Standard Time",
		"America/Dominica": "Atlantic Standard Time",
		"America/Glace_Bay": "Atlantic Standard Time",
		"America/Goose_Bay": "Atlantic Standard Time",
		"America/Grenada": "Atlantic Standard Time",
		"America/Guadeloupe": "Atlantic Standard Time",
		"America/Guyana": "Guyana Time",
		"America/Halifax": "Atlantic Standard Time",
		"America/Kralendijk": "Atlantic Standard Time",
		"America/La_Paz": "Bolivia Time",
		"America/Lower_Princes": "Atlantic Standard Time",
		"America/Manaus": "Amazon Time",
		"America/Marigot": "Atlantic Standard Time",
		"America/Martinique": "Atlantic Standard Time",
		"America/Moncton": "Atlantic Standard Time",
		"America/Montserrat": "Atlantic Standard Time",
		"America/Port_of_Spain": "Atlantic Standard Time",
		"America/Porto_Velho": "Amazon Time",
		"America/Puerto_Rico": "Atlantic Standard Time",
		"America/Santiago": "Chile Time",
		"America/Santo_Domingo": "Atlantic Standard Time",
		"America/St_Barthelemy": "Atlantic Standard Time",
		"America/St_Kitts": "Atlantic Standard Time",
		"America/St_Lucia": "Atlantic Standard Time",
		"America/St_Thomas": "Atlantic Standard Time",
		"America/St_Vincent": "Atlantic Standard Time",
		"America/Thule": "Atlantic Standard Time",
		"America/Tortola": "Atlantic Standard Time",
		"America/Virgin": "Atlantic Standard Time",
		"Antarctica/Palmer": "Chile Time",
		"Atlantic/Bermuda": "Atlantic Standard Time",
		"Brazil/West": "Amazon Time",
		"Canada/Atlantic": "Atlantic Standard Time",
		"Chile/Continental": "Chile Time",
		"Etc/GMT+4": "GMT-04:00",
		"PRT": "Atlantic Standard Time",
		"SystemV/AST4": "Atlantic Standard Time",
		"SystemV/AST4ADT": "Atlantic Standard Time",
		"America/St_Johns": "Newfoundland Standard Time",
		"CNT": "Newfoundland Standard Time",
		"Canada/Newfoundland": "Newfoundland Standard Time",
		"AGT": "Argentine Time",
		"America/Araguaina": "Brasilia Time",
		"America/Argentina/Buenos_Aires": "Argentine Time",
		"America/Argentina/Catamarca": "Argentine Time",
		"America/Argentina/ComodRivadavia": "Argentine Time",
		"America/Argentina/Cordoba": "Argentine Time",
		"America/Argentina/Jujuy": "Argentine Time",
		"America/Argentina/La_Rioja": "Argentine Time",
		"America/Argentina/Mendoza": "Argentine Time",
		"America/Argentina/Rio_Gallegos": "Argentine Time",
		"America/Argentina/Salta": "Argentine Time",
		"America/Argentina/San_Juan": "Argentine Time",
		"America/Argentina/San_Luis": "Argentine Time",
		"America/Argentina/Tucuman": "Argentine Time",
		"America/Argentina/Ushuaia": "Argentine Time",
		"America/Bahia": "Brasilia Time",
		"America/Belem": "Brasilia Time",
		"America/Buenos_Aires": "Argentine Time",
		"America/Catamarca": "Argentine Time",
		"America/Cayenne": "French Guiana Time",
		"America/Cordoba": "Argentine Time",
		"America/Fortaleza": "Brasilia Time",
		"America/Godthab": "Western Greenland Time",
		"America/Jujuy": "Argentine Time",
		"America/Maceio": "Brasilia Time",
		"America/Mendoza": "Argentine Time",
		"America/Miquelon": "Pierre & Miquelon Standard Time",
		"America/Montevideo": "Uruguay Time",
		"America/Paramaribo": "Suriname Time",
		"America/Recife": "Brasilia Time",
		"America/Rosario": "Argentine Time",
		"America/Santarem": "Brasilia Time",
		"America/Sao_Paulo": "Brasilia Time",
		"Antarctica/Rothera": "Rothera Time",
		"Atlantic/Stanley": "Falkland Is. Time",
		"BET": "Brasilia Time",
		"Brazil/East": "Brasilia Time",
		"Etc/GMT+3": "GMT-03:00",
		"America/Noronha": "Fernando de Noronha Time",
		"Atlantic/South_Georgia": "South Georgia Standard Time",
		"Brazil/DeNoronha": "Fernando de Noronha Time",
		"Etc/GMT+2": "GMT-02:00",
		"America/Scoresbysund": "Eastern Greenland Time",
		"Atlantic/Azores": "Azores Time",
		"Atlantic/Cape_Verde": "Cape Verde Time",
		"Etc/GMT+1": "GMT-01:00",
		"Africa/Abidjan": "Greenwich Mean Time",
		"Africa/Accra": "Ghana Mean Time",
		"Africa/Bamako": "Greenwich Mean Time",
		"Africa/Banjul": "Greenwich Mean Time",
		"Africa/Bissau": "Greenwich Mean Time",
		"Africa/Casablanca": "Western European Time",
		"Africa/Conakry": "Greenwich Mean Time",
		"Africa/Dakar": "Greenwich Mean Time",
		"Africa/El_Aaiun": "Western European Time",
		"Africa/Freetown": "Greenwich Mean Time",
		"Africa/Lome": "Greenwich Mean Time",
		"Africa/Monrovia": "Greenwich Mean Time",
		"Africa/Nouakchott": "Greenwich Mean Time",
		"Africa/Ouagadougou": "Greenwich Mean Time",
		"Africa/Sao_Tome": "Greenwich Mean Time",
		"Africa/Timbuktu": "Greenwich Mean Time",
		"America/Danmarkshavn": "Greenwich Mean Time",
		"Antarctica/Troll": "Coordinated Universal Time",
		"Atlantic/Canary": "Western European Time",
		"Atlantic/Faeroe": "Western European Time",
		"Atlantic/Faroe": "Western European Time",
		"Atlantic/Madeira": "Western European Time",
		"Atlantic/Reykjavik": "Greenwich Mean Time",
		"Atlantic/St_Helena": "Greenwich Mean Time",
		"Eire": "Greenwich Mean Time",
		"Etc/GMT": "GMT+00:00",
		"Etc/GMT+0": "GMT+00:00",
		"Etc/GMT-0": "GMT+00:00",
		"Etc/GMT0": "GMT+00:00",
		"Etc/Greenwich": "Greenwich Mean Time",
		"Etc/UCT": "Coordinated Universal Time",
		"Etc/UTC": "Coordinated Universal Time",
		"Etc/Universal": "Coordinated Universal Time",
		"Etc/Zulu": "Coordinated Universal Time",
		"Europe/Belfast": "Greenwich Mean Time",
		"Europe/Dublin": "Greenwich Mean Time",
		"Europe/Guernsey": "Greenwich Mean Time",
		"Europe/Isle_of_Man": "Greenwich Mean Time",
		"Europe/Jersey": "Greenwich Mean Time",
		"Europe/Lisbon": "Western European Time",
		"Europe/London": "Greenwich Mean Time",
		"GB": "Greenwich Mean Time",
		"GB-Eire": "Greenwich Mean Time",
		"GMT": "Greenwich Mean Time",
		"GMT0": "GMT+00:00",
		"Greenwich": "Greenwich Mean Time",
		"Iceland": "Greenwich Mean Time",
		"Portugal": "Western European Time",
		"UCT": "Coordinated Universal Time",
		"UTC": "Coordinated Universal Time",
		"Universal": "Coordinated Universal Time",
		"WET": "Western European Time",
		"Zulu": "Coordinated Universal Time",
		"Africa/Algiers": "Central European Time",
		"Africa/Bangui": "Western African Time",
		"Africa/Brazzaville": "Western African Time",
		"Africa/Ceuta": "Central European Time",
		"Africa/Douala": "Western African Time",
		"Africa/Kinshasa": "Western African Time",
		"Africa/Lagos": "Western African Time",
		"Africa/Libreville": "Western African Time",
		"Africa/Luanda": "Western African Time",
		"Africa/Malabo": "Western African Time",
		"Africa/Ndjamena": "Western African Time",
		"Africa/Niamey": "Western African Time",
		"Africa/Porto-Novo": "Western African Time",
		"Africa/Tunis": "Central European Time",
		"Africa/Windhoek": "Western African Time",
		"Arctic/Longyearbyen": "Central European Time",
		"Atlantic/Jan_Mayen": "Central European Time",
		"CET": "Central European Time",
		"ECT": "Central European Time",
		"Etc/GMT-1": "GMT+01:00",
		"Europe/Amsterdam": "Central European Time",
		"Europe/Andorra": "Central European Time",
		"Europe/Belgrade": "Central European Time",
		"Europe/Berlin": "Central European Time",
		"Europe/Bratislava": "Central European Time",
		"Europe/Brussels": "Central European Time",
		"Europe/Budapest": "Central European Time",
		"Europe/Busingen": "Central European Time",
		"Europe/Copenhagen": "Central European Time",
		"Europe/Gibraltar": "Central European Time",
		"Europe/Ljubljana": "Central European Time",
		"Europe/Luxembourg": "Central European Time",
		"Europe/Madrid": "Central European Time",
		"Europe/Malta": "Central European Time",
		"Europe/Monaco": "Central European Time",
		"Europe/Oslo": "Central European Time",
		"Europe/Paris": "Central European Time",
		"Europe/Podgorica": "Central European Time",
		"Europe/Prague": "Central European Time",
		"Europe/Rome": "Central European Time",
		"Europe/San_Marino": "Central European Time",
		"Europe/Sarajevo": "Central European Time",
		"Europe/Skopje": "Central European Time",
		"Europe/Stockholm": "Central European Time",
		"Europe/Tirane": "Central European Time",
		"Europe/Vaduz": "Central European Time",
		"Europe/Vatican": "Central European Time",
		"Europe/Vienna": "Central European Time",
		"Europe/Warsaw": "Central European Time",
		"Europe/Zagreb": "Central European Time",
		"Europe/Zurich": "Central European Time",
		"MET": "Middle Europe Time",
		"Poland": "Central European Time",
		"ART": "Eastern European Time",
		"Africa/Blantyre": "Central African Time",
		"Africa/Bujumbura": "Central African Time",
		"Africa/Cairo": "Eastern European Time",
		"Africa/Gaborone": "Central African Time",
		"Africa/Harare": "Central African Time",
		"Africa/Johannesburg": "South Africa Standard Time",
		"Africa/Kigali": "Central African Time",
		"Africa/Lubumbashi": "Central African Time",
		"Africa/Lusaka": "Central African Time",
		"Africa/Maputo": "Central African Time",
		"Africa/Maseru": "South Africa Standard Time",
		"Africa/Mbabane": "South Africa Standard Time",
		"Africa/Tripoli": "Eastern European Time",
		"Asia/Amman": "Eastern European Time",
		"Asia/Beirut": "Eastern European Time",
		"Asia/Damascus": "Eastern European Time",
		"Asia/Gaza": "Eastern European Time",
		"Asia/Hebron": "Eastern European Time",
		"Asia/Istanbul": "Eastern European Time",
		"Asia/Jerusalem": "Israel Standard Time",
		"Asia/Nicosia": "Eastern European Time",
		"Asia/Tel_Aviv": "Israel Standard Time",
		"CAT": "Central African Time",
		"EET": "Eastern European Time",
		"Egypt": "Eastern European Time",
		"Etc/GMT-2": "GMT+02:00",
		"Europe/Athens": "Eastern European Time",
		"Europe/Bucharest": "Eastern European Time",
		"Europe/Chisinau": "Eastern European Time",
		"Europe/Helsinki": "Eastern European Time",
		"Europe/Istanbul": "Eastern European Time",
		"Europe/Kaliningrad": "Eastern European Time",
		"Europe/Kiev": "Eastern European Time",
		"Europe/Mariehamn": "Eastern European Time",
		"Europe/Nicosia": "Eastern European Time",
		"Europe/Riga": "Eastern European Time",
		"Europe/Sofia": "Eastern European Time",
		"Europe/Tallinn": "Eastern European Time",
		"Europe/Tiraspol": "Eastern European Time",
		"Europe/Uzhgorod": "Eastern European Time",
		"Europe/Vilnius": "Eastern European Time",
		"Europe/Zaporozhye": "Eastern European Time",
		"Israel": "Israel Standard Time",
		"Libya": "Eastern European Time",
		"Turkey": "Eastern European Time",
		"Africa/Addis_Ababa": "Eastern African Time",
		"Africa/Asmara": "Eastern African Time",
		"Africa/Asmera": "Eastern African Time",
		"Africa/Dar_es_Salaam": "Eastern African Time",
		"Africa/Djibouti": "Eastern African Time",
		"Africa/Juba": "Eastern African Time",
		"Africa/Kampala": "Eastern African Time",
		"Africa/Khartoum": "Eastern African Time",
		"Africa/Mogadishu": "Eastern African Time",
		"Africa/Nairobi": "Eastern African Time",
		"Antarctica/Syowa": "Syowa Time",
		"Asia/Aden": "Arabia Standard Time",
		"Asia/Baghdad": "Arabia Standard Time",
		"Asia/Bahrain": "Arabia Standard Time",
		"Asia/Kuwait": "Arabia Standard Time",
		"Asia/Qatar": "Arabia Standard Time",
		"Asia/Riyadh": "Arabia Standard Time",
		"EAT": "Eastern African Time",
		"Etc/GMT-3": "GMT+03:00",
		"Europe/Minsk": "Moscow Standard Time",
		"Europe/Moscow": "Moscow Standard Time",
		"Europe/Simferopol": "Moscow Standard Time",
		"Europe/Volgograd": "Moscow Standard Time",
		"Indian/Antananarivo": "Eastern African Time",
		"Indian/Comoro": "Eastern African Time",
		"Indian/Mayotte": "Eastern African Time",
		"W-SU": "Moscow Standard Time",
		"Asia/Riyadh87": "GMT+03:07",
		"Asia/Riyadh88": "GMT+03:07",
		"Asia/Riyadh89": "GMT+03:07",
		"Mideast/Riyadh87": "GMT+03:07",
		"Mideast/Riyadh88": "GMT+03:07",
		"Mideast/Riyadh89": "GMT+03:07",
		"Asia/Tehran": "Iran Standard Time",
		"Iran": "Iran Standard Time",
		"Asia/Baku": "Azerbaijan Time",
		"Asia/Dubai": "Gulf Standard Time",
		"Asia/Muscat": "Gulf Standard Time",
		"Asia/Tbilisi": "Georgia Time",
		"Asia/Yerevan": "Armenia Time",
		"Etc/GMT-4": "GMT+04:00",
		"Europe/Samara": "Samara Time",
		"Indian/Mahe": "Seychelles Time",
		"Indian/Mauritius": "Mauritius Time",
		"Indian/Reunion": "Reunion Time",
		"NET": "Armenia Time",
		"Asia/Kabul": "Afghanistan Time",
		"Antarctica/Mawson": "Mawson Time",
		"Asia/Aqtau": "Aqtau Time",
		"Asia/Aqtobe": "Aqtobe Time",
		"Asia/Ashgabat": "Turkmenistan Time",
		"Asia/Ashkhabad": "Turkmenistan Time",
		"Asia/Dushanbe": "Tajikistan Time",
		"Asia/Karachi": "Pakistan Time",
		"Asia/Oral": "Oral Time",
		"Asia/Samarkand": "Uzbekistan Time",
		"Asia/Tashkent": "Uzbekistan Time",
		"Asia/Yekaterinburg": "Yekaterinburg Time",
		"Etc/GMT-5": "GMT+05:00",
		"Indian/Kerguelen": "French Southern & Antarctic Lands Time",
		"Indian/Maldives": "Maldives Time",
		"PLT": "Pakistan Time",
		"Asia/Calcutta": "India Standard Time",
		"Asia/Colombo": "India Standard Time",
		"Asia/Kolkata": "India Standard Time",
		"IST": "India Standard Time",
		"Asia/Kathmandu": "Nepal Time",
		"Asia/Katmandu": "Nepal Time",
		"Antarctica/Vostok": "Vostok Time",
		"Asia/Almaty": "Alma-Ata Time",
		"Asia/Bishkek": "Kirgizstan Time",
		"Asia/Dacca": "Bangladesh Time",
		"Asia/Dhaka": "Bangladesh Time",
		"Asia/Kashgar": "Xinjiang Standard Time",
		"Asia/Novosibirsk": "Novosibirsk Time",
		"Asia/Omsk": "Omsk Time",
		"Asia/Qyzylorda": "Qyzylorda Time",
		"Asia/Thimbu": "Bhutan Time",
		"Asia/Thimphu": "Bhutan Time",
		"Asia/Urumqi": "Xinjiang Standard Time",
		"BST": "Bangladesh Time",
		"Etc/GMT-6": "GMT+06:00",
		"Indian/Chagos": "Indian Ocean Territory Time",
		"Asia/Rangoon": "Myanmar Time",
		"Indian/Cocos": "Cocos Islands Time",
		"Antarctica/Davis": "Davis Time",
		"Asia/Bangkok": "Indochina Time",
		"Asia/Ho_Chi_Minh": "Indochina Time",
		"Asia/Hovd": "Hovd Time",
		"Asia/Jakarta": "West Indonesia Time",
		"Asia/Krasnoyarsk": "Krasnoyarsk Time",
		"Asia/Novokuznetsk": "Krasnoyarsk Time",
		"Asia/Phnom_Penh": "Indochina Time",
		"Asia/Pontianak": "West Indonesia Time",
		"Asia/Saigon": "Indochina Time",
		"Asia/Vientiane": "Indochina Time",
		"Etc/GMT-7": "GMT+07:00",
		"Indian/Christmas": "Christmas Island Time",
		"VST": "Indochina Time",
		"Antarctica/Casey": "Australian Western Standard Time",
		"Asia/Brunei": "Brunei Time",
		"Asia/Chita": "Irkutsk Time",
		"Asia/Choibalsan": "Choibalsan Time",
		"Asia/Chongqing": "China Standard Time",
		"Asia/Chungking": "China Standard Time",
		"Asia/Harbin": "China Standard Time",
		"Asia/Hong_Kong": "Hong Kong Time",
		"Asia/Irkutsk": "Irkutsk Time",
		"Asia/Kuala_Lumpur": "Malaysia Time",
		"Asia/Kuching": "Malaysia Time",
		"Asia/Macao": "China Standard Time",
		"Asia/Macau": "China Standard Time",
		"Asia/Makassar": "Central Indonesia Time",
		"Asia/Manila": "Philippines Time",
		"Asia/Shanghai": "China Standard Time",
		"Asia/Singapore": "Singapore Time",
		"Asia/Taipei": "China Standard Time",
		"Asia/Ujung_Pandang": "Central Indonesia Time",
		"Asia/Ulaanbaatar": "Ulaanbaatar Time",
		"Asia/Ulan_Bator": "Ulaanbaatar Time",
		"Australia/Perth": "Australian Western Standard Time",
		"Australia/West": "Australian Western Standard Time",
		"CTT": "China Standard Time",
		"Etc/GMT-8": "GMT+08:00",
		"Hongkong": "Hong Kong Time",
		"PRC": "China Standard Time",
		"Singapore": "Singapore Time",
		"Australia/Eucla": "Australian Central Western Standard Time",
		"Asia/Dili": "Timor-Leste Time",
		"Asia/Jayapura": "East Indonesia Time",
		"Asia/Khandyga": "Khandyga Time",
		"Asia/Pyongyang": "Korea Standard Time",
		"Asia/Seoul": "Korea Standard Time",
		"Asia/Tokyo": "Japan Standard Time",
		"Asia/Yakutsk": "Yakutsk Time",
		"Etc/GMT-9": "GMT+09:00",
		"JST": "Japan Standard Time",
		"Japan": "Japan Standard Time",
		"Pacific/Palau": "Palau Time",
		"ROK": "Korea Standard Time",
		"ACT": "Australian Central Standard Time (Northern Territory)",
		"Australia/Adelaide": "Australian Central Standard Time (South Australia)",
		"Australia/Broken_Hill": "Australian Central Standard Time (South Australia/New South Wales)",
		"Australia/Darwin": "Australian Central Standard Time (Northern Territory)",
		"Australia/North": "Australian Central Standard Time (Northern Territory)",
		"Australia/South": "Australian Central Standard Time (South Australia)",
		"Australia/Yancowinna": "Australian Central Standard Time (South Australia/New South Wales)",
		"AET": "Australian Eastern Standard Time (New South Wales)",
		"Antarctica/DumontDUrville": "Dumont-d'Urville Time",
		"Asia/Magadan": "Magadan Time",
		"Asia/Sakhalin": "Sakhalin Time",
		"Asia/Ust-Nera": "Ust-Nera Time",
		"Asia/Vladivostok": "Vladivostok Time",
		"Australia/ACT": "Australian Eastern Standard Time (New South Wales)",
		"Australia/Brisbane": "Australian Eastern Standard Time (Queensland)",
		"Australia/Canberra": "Australian Eastern Standard Time (New South Wales)",
		"Australia/Currie": "Australian Eastern Standard Time (New South Wales)",
		"Australia/Hobart": "Australian Eastern Standard Time (Tasmania)",
		"Australia/Lindeman": "Australian Eastern Standard Time (Queensland)",
		"Australia/Melbourne": "Australian Eastern Standard Time (Victoria)",
		"Australia/NSW": "Australian Eastern Standard Time (New South Wales)",
		"Australia/Queensland": "Australian Eastern Standard Time (Queensland)",
		"Australia/Sydney": "Australian Eastern Standard Time (New South Wales)",
		"Australia/Tasmania": "Australian Eastern Standard Time (Tasmania)",
		"Australia/Victoria": "Australian Eastern Standard Time (Victoria)",
		"Etc/GMT-10": "GMT+10:00",
		"Pacific/Chuuk": "Chuuk Time",
		"Pacific/Guam": "Chamorro Standard Time",
		"Pacific/Port_Moresby": "Papua New Guinea Time",
		"Pacific/Saipan": "Chamorro Standard Time",
		"Pacific/Truk": "Chuuk Time",
		"Pacific/Yap": "Chuuk Time",
		"Australia/LHI": "Lord Howe Standard Time",
		"Australia/Lord_Howe": "Lord Howe Standard Time",
		"Antarctica/Macquarie": "Macquarie Island Standard Time",
		"Asia/Srednekolymsk": "Srednekolymsk Time",
		"Etc/GMT-11": "GMT+11:00",
		"Pacific/Efate": "Vanuatu Time",
		"Pacific/Guadalcanal": "Solomon Is. Time",
		"Pacific/Kosrae": "Kosrae Time",
		"Pacific/Noumea": "New Caledonia Time",
		"Pacific/Pohnpei": "Pohnpei Time",
		"Pacific/Ponape": "Pohnpei Time",
		"SST": "Solomon Is. Time",
		"Pacific/Norfolk": "Norfolk Time",
		"Antarctica/McMurdo": "New Zealand Standard Time",
		"Antarctica/South_Pole": "New Zealand Standard Time",
		"Asia/Anadyr": "Anadyr Time",
		"Asia/Kamchatka": "Petropavlovsk-Kamchatski Time",
		"Etc/GMT-12": "GMT+12:00",
		"Kwajalein": "Marshall Islands Time",
		"NST": "New Zealand Standard Time",
		"NZ": "New Zealand Standard Time",
		"Pacific/Auckland": "New Zealand Standard Time",
		"Pacific/Fiji": "Fiji Time",
		"Pacific/Funafuti": "Tuvalu Time",
		"Pacific/Kwajalein": "Marshall Islands Time",
		"Pacific/Majuro": "Marshall Islands Time",
		"Pacific/Nauru": "Nauru Time",
		"Pacific/Tarawa": "Gilbert Is. Time",
		"Pacific/Wake": "Wake Time",
		"Pacific/Wallis": "Wallis & Futuna Time",
		"NZ-CHAT": "Chatham Standard Time",
		"Pacific/Chatham": "Chatham Standard Time",
		"Etc/GMT-13": "GMT+13:00",
		"MIT": "West Samoa Standard Time",
		"Pacific/Apia": "West Samoa Standard Time",
		"Pacific/Enderbury": "Phoenix Is. Time",
		"Pacific/Fakaofo": "Tokelau Time",
		"Pacific/Tongatapu": "Tonga Time",
		"Etc/GMT-14": "GMT+14:00",
		"Pacific/Kiritimati": "Line Is. Time",
		"Pacific/Bougainville": "Bougainville Standard Time",
		"America/Grand_Turk": "Atlantic Standard Time"
	}
}
