{
	"countries": {
		"AF": "Afghanistan",
		"AX": "Îles Åland",
		"AL": "Albanie",
		"DZ": "Algérie",
		"AS": "Samoa américaines",
		"AD": "Andorre",
		"AO": "Angola",
		"AI": "Anguilla",
		"AQ": "Antarctique",
		"AG": "Antigua-et-Barbuda",
		"AR": "Argentine",
		"AM": "Arménie",
		"AW": "Aruba",
		"AU": "Australie",
		"AT": "Autriche",
		"AZ": "Azerbaïdjan",
		"BS": "Bahamas",
		"BH": "Bahreïn",
		"BD": "Bangladesh",
		"BB": "Barbade",
		"BY": "Biélorussie",
		"BE": "Belgique",
		"BZ": "Belize",
		"BJ": "Bénin",
		"BM": "Bermudes",
		"BT": "Bhoutan",
		"BO": "Bolivie",
		"BQ": "Bonaire, Saint-Eustache et Saba",
		"BA": "Bosnie-Herzégovine",
		"BW": "Botswana",
		"BV": "Île Bouvet",
		"BR": "Brésil",
		"IO": "Territoire britannique de l'océan Indien",
		"BN": "Brunei",
		"BG": "Bulgarie",
		"BF": "Burkina Faso",
		"BI": "Burundi",
		"KH": "Cambodge",
		"CM": "Cameroun",
		"CA": "Canada",
		"CV": "Cap-Vert",
		"KY": "Îles Caïmans",
		"CF": "République centrafricaine",
		"TD": "Tchad",
		"CL": "Chili",
		"CN": "Chine",
		"CX": "Île Christmas",
		"CC": "Îles Cocos",
		"CO": "Colombie",
		"KM": "Comores",
		"CG": "Congo-Brazzaville",
		"CD": "Congo-Kinshasa",
		"CK": "Îles Cook",
		"CR": "Costa Rica",
		"CI": "Côte d'Ivoire",
		"HR": "Croatie",
		"CU": "Cuba",
		"CW": "Curaçao",
		"CY": "Chypre",
		"CZ": "Tchéquie",
		"DK": "Danemark",
		"DJ": "Djibouti",
		"DM": "Dominique",
		"DO": "République dominicaine",
		"TL": "Timor oriental",
		"EC": "Équateur",
		"EG": "Égypte",
		"SV": "El Salvador",
		"GQ": "Guinée équatoriale",
		"ER": "Érythrée",
		"EE": "Estonie",
		"ET": "Éthiopie",
		"FK": "Îles Malouines",
		"FO": "Îles Féroé",
		"FJ": "Fidji",
		"FI": "Finlande",
		"FR": "France",
		"GF": "Guyane française",
		"PF": "Polynésie française",
		"TF": "Terres australes françaises",
		"GA": "Gabon",
		"GM": "Gambie",
		"GE": "Géorgie",
		"DE": "Allemagne",
		"GH": "Ghana",
		"GI": "Gibraltar",
		"GR": "Grèce",
		"GL": "Groenland",
		"GD": "Grenade",
		"GP": "Guadeloupe",
		"GU": "Guam",
		"GT": "Guatemala",
		"GG": "Guernesey",
		"GN": "Guinée",
		"GW": "Guinée-Bissau",
		"GY": "Guyana",
		"HT": "Haïti",
		"HM": "Îles Heard et McDonald",
		"HN": "Honduras",
		"HK": "Hong Kong",
		"HU": "Hongrie",
		"IS": "Islande",
		"IN": "Inde",
		"ID": "Indonésie",
		"IR": "Iran",
		"IQ": "Irak",
		"IE": "Irlande",
		"IM": "Île de Man",
		"IL": "Israël",
		"IT": "Italie",
		"JM": "Jamaïque",
		"JP": "Japon",
		"JE": "Jersey",
		"JO": "Jordanie",
		"KZ": "Kazakhstan",
		"KE": "Kenya",
		"KI": "Kiribati",
		"KW": "Koweït",
		"KG": "Kirghizistan",
		"LA": "Laos",
		"LV": "Lettonie",
		"LB": "Liban",
		"LS": "Lesotho",
		"LR": "Libéria",
		"LY": "Libye",
		"LI": "Liechtenstein",
		"LT": "Lituanie",
		"LU": "Luxembourg",
		"MO": "Macao",
		"MK": "Macédoine",
		"MG": "Madagascar",
		"MW": "Malawi",
		"MY": "Malaisie",
		"MV": "Maldives",
		"ML": "Mali",
		"MT": "Malte",
		"MH": "Îles Marshall",
		"MQ": "Martinique",
		"MR": "Mauritanie",
		"MU": "Maurice",
		"YT": "Mayotte",
		"MX": "Mexique",
		"FM": "Micronésie",
		"MD": "Moldavie",
		"MC": "Monaco",
		"MN": "Mongolie",
		"ME": "Monténégro",
		"MS": "Montserrat",
		"MA": "Maroc",
		"MZ": "Mozambique",
		"MM": "Myanmar (Birmanie)",
		"NA": "Namibie",
		"NR": "Nauru",
		"NP": "Népal",
		"NL": "Pays-Bas",
		"NC": "Nouvelle-Calédonie",
		"NZ": "Nouvelle-Zélande",
		"NI": "Nicaragua",
		"NE": "Niger",
		"NG": "Nigeria",
		"NU": "Niue",
		"NF": "Île Norfolk",
		"KP": "Corée du Nord",
		"MP": "Îles Mariannes du Nord",
		"NO": "Norvège",
		"OM": "Oman",
		"PK": "Pakistan",
		"PW": "Palaos",
		"PS": "Territoire palestinien",
		"PA": "Panama",
		"PG": "Papouasie-Nouvelle-Guinée",
		"PY": "Paraguay",
		"PE": "Pérou",
		"PH": "Philippines",
		"PN": "Îles Pitcairn",
		"PL": "Pologne",
		"PT": "Portugal",
		"PR": "Porto Rico",
		"QA": "Qatar",
		"RE": "Réunion",
		"RO": "Roumanie",
		"RU": "Russie",
		"RW": "Rwanda",
		"BL": "Saint-Barthélemy",
		"SH": "Sainte-Hélène",
		"KN": "Saint-Kitts-et-Nevis",
		"LC": "Sainte-Lucie",
		"MF": "Saint-Martin",
		"PM": "Saint-Pierre-et-Miquelon",
		"VC": "Saint-Vincent-et-les-Grenadines",
		"WS": "Samoa",
		"SM": "Saint-Marin",
		"ST": "Sao Tomé-et-Principe",
		"SA": "Arabie saoudite",
		"SN": "Sénégal",
		"RS": "Serbie",
		"SC": "Seychelles",
		"SL": "Sierra Leone",
		"SG": "Singapour",
		"SX": "Saint-Martin (partie néerlandaise)",
		"SK": "Slovaquie",
		"SI": "Slovénie",
		"SB": "Îles Salomon",
		"SO": "Somalie",
		"ZA": "Afrique du Sud",
		"GS": "Géorgie du Sud et îles Sandwich du Sud",
		"KR": "Corée du Sud",
		"ES": "Espagne",
		"LK": "Sri Lanka",
		"SD": "Soudan",
		"SR": "Suriname",
		"SJ": "Svalbard et Jan Mayen",
		"SZ": "Eswatini",
		"SE": "Suède",
		"CH": "Suisse",
		"SY": "Syrie",
		"TW": "Taïwan",
		"TJ": "Tadjikistan",
		"TZ": "Tanzanie",
		"TH": "Thaïlande",
		"TG": "Togo",
		"TK": "Tokelau",
		"TO": "Tonga",
		"TT": "Trinité-et-Tobago",
		"TN": "Tunisie",
		"TR": "Turquie",
		"TM": "Turkménistan",
		"TC": "Îles Turques-et-Caïques",
		"TV": "Tuvalu",
		"UG": "Ouganda",
		"UA": "Ukraine",
		"AE": "Émirats arabes unis",
		"GB": "Royaume-Uni",
		"US": "États-Unis",
		"UM": "Îles mineures éloignées des États-Unis",
		"UY": "Uruguay",
		"UZ": "Ouzbékistan",
		"VU": "Vanuatu",
		"VA": "Vatican",
		"VE": "Venezuela",
		"VN": "Vietnam",
		"VG": "Îles Vierges britanniques",
		"VI": "Îles Vierges des États-Unis",
		"WF": "Wallis-et-Futuna",
		"EH": "Sahara occidental",
		"YE": "Yémen",
		"ZM": "Zambie",
		"ZW": "Zimbabwe"
	},
	"capitalCities": {
		"AF": "Kaboul",
		"AX": "Mariehamn",
		"AL": "Tirana",
		"DZ": "Alger",
		"AS": "Pago Pago",
		"AD": "Andorre-la-Vieille",
		"AO": "Luanda",
		"AI": "The Valley",
		"AQ": "",
		"AG": "Saint John's",
		"AR": "Buenos Aires",
		"AM": "Erevan",
		"AW": "Oranjestad",
		"AU": "Canberra",
		"AT": "Vienne",
		"AZ": "Bakou",
		"BS": "Nassau",
		"BH": "Manama",
		"BD": "Dacca",
		"BB": "Bridgetown",
		"BY": "Minsk",
		"BE": "Bruxelles",
		"BZ": "Belmopan",
		"BJ": "Porto-Novo",
		"BM": "Hamilton",
		"BT": "Thimphou",
		"BO": "Sucre",
		"BQ": "",
		"BA": "Sarajevo",
		"BW": "Gaborone",
		"BV": "",
		"BR": "Brasilia",
		"IO": "Diego Garcia",
		"BN": "Bandar Seri Begawan",
		"BG": "Sofia",
		"BF": "Ouagadougou",
		"BI": "Bujumbura",
		"KH": "Phnom Penh",
		"CM": "Yaoundé",
		"CA": "Ottawa",
		"CV": "Praia",
		"KY": "George Town",
		"CF": "Bangui",
		"TD": "N'Djamena",
		"CL": "Santiago",
		"CN": "Pékin",
		"CX": "Flying Fish Cove",
		"CC": "West Island",
		"CO": "Bogota",
		"KM": "Moroni",
		"CG": "Brazzaville",
		"CD": "Kinshasa",
		"CK": "Avarua",
		"CR": "San José",
		"CI": "Yamoussoukro",
		"HR": "Zagreb",
		"CU": "La Havane",
		"CW": "Willemstad",
		"CY": "Nicosie",
		"CZ": "Prague",
		"DK": "Copenhague",
		"DJ": "Djibouti",
		"DM": "Roseau",
		"DO": "Saint-Domingue",
		"TL": "Dili",
		"EC": "Quito",
		"EG": "Le Caire",
		"SV": "San Salvador",
		"GQ": "Malabo",
		"ER": "Asmara",
		"EE": "Tallinn",
		"ET": "Addis-Abeba",
		"FK": "Stanley",
		"FO": "Tórshavn",
		"FJ": "Suva",
		"FI": "Helsinki",
		"FR": "Paris",
		"GF": "Cayenne",
		"PF": "Papeete",
		"TF": "Port-aux-Français",
		"GA": "Libreville",
		"GM": "Banjul",
		"GE": "Tbilissi",
		"DE": "Berlin",
		"GH": "Accra",
		"GI": "Gibraltar",
		"GR": "Athènes",
		"GL": "Nuuk",
		"GD": "Saint-Georges",
		"GP": "Basse-Terre",
		"GU": "Hagåtña",
		"GT": "Guatemala",
		"GG": "Saint Peter Port",
		"GN": "Conakry",
		"GW": "Bissau",
		"GY": "Georgetown",
		"HT": "Port-au-Prince",
		"HM": "",
		"HN": "Tegucigalpa",
		"HK": "Hong Kong",
		"HU": "Budapest",
		"IS": "Reykjavik",
		"IN": "New Delhi",
		"ID": "Jakarta",
		"IR": "Téhéran",
		"IQ": "Bagdad",
		"IE": "Dublin",
		"IM": "Douglas",
		"IL": "Jérusalem",
		"IT": "Rome",
		"JM": "Kingston",
		"JP": "Tokyo",
		"JE": "Saint-Hélier",
		"JO": "Amman",
		"KZ": "Nour-Soultan",
		"KE": "Nairobi",
		"KI": "Tarawa",
		"KW": "Koweït",
		"KG": "Bichkek",
		"LA": "Vientiane",
		"LV": "Riga",
		"LB": "Beyrouth",
		"LS": "Maseru",
		"LR": "Monrovia",
		"LY": "Tripoli",
		"LI": "Vaduz",
		"LT": "Vilnius",
		"LU": "Luxembourg",
		"MO": "Macao",
		"MK": "Skopje",
		"MG": "Antananarivo",
		"MW": "Lilongwe",
		"MY": "Kuala Lumpur",
		"MV": "Malé",
		"ML": "Bamako",
		"MT": "La Valette",
		"MH": "Majuro",
		"MQ": "Fort-de-France",
		"MR": "Nouakchott",
		"MU": "Port-Louis",
		"YT": "Mamoudzou",
		"MX": "Mexico",
		"FM": "Palikir",
		"MD": "Chisinau",
		"MC": "Monaco",
		"MN": "Oulan-Bator",
		"ME": "Podgorica",
		"MS": "Plymouth",
		"MA": "Rabat",
		"MZ": "Maputo",
		"MM": "Naypyidaw",
		"NA": "Windhoek",
		"NR": "Yaren",
		"NP": "Katmandou",
		"NL": "Amsterdam",
		"NC": "Nouméa",
		"NZ": "Wellington",
		"NI": "Managua",
		"NE": "Niamey",
		"NG": "Abuja",
		"NU": "Alofi",
		"NF": "Kingston",
		"KP": "Pyongyang",
		"MP": "Saipan",
		"NO": "Oslo",
		"OM": "Mascate",
		"PK": "Islamabad",
		"PW": "Ngerulmud",
		"PS": "Ramallah",
		"PA": "Panama",
		"PG": "Port Moresby",
		"PY": "Asunción",
		"PE": "Lima",
		"PH": "Manille",
		"PN": "Adamstown",
		"PL": "Varsovie",
		"PT": "Lisbonne",
		"PR": "San Juan",
		"QA": "Doha",
		"RE": "",
		"RO": "Bucarest",
		"RU": "Moscou",
		"RW": "Kigali",
		"BL": "Gustavia",
		"SH": "Jamestown",
		"KN": "Basseterre",
		"LC": "Castries",
		"MF": "Marigot",
		"PM": "Saint-Pierre",
		"VC": "Kingstown",
		"WS": "Apia",
		"SM": "Saint-Marin",
		"ST": "São Tomé",
		"SA": "Riyad",
		"SN": "Dakar",
		"RS": "Belgrade",
		"SC": "Victoria",
		"SL": "Freetown",
		"SG": "Singapour",
		"SX": "Philipsburg",
		"SK": "Bratislava",
		"SI": "Ljubljana",
		"SB": "Honiara",
		"SO": "Mogadiscio",
		"ZA": "Pretoria",
		"GS": "Grytviken",
		"KR": "Séoul",
		"ES": "Madrid",
		"LK": "Sri Jayawardenapura Kotte",
		"SD": "Khartoum",
		"SR": "Paramaribo",
		"SJ": "",
		"SZ": "Mbabane",
		"SE": "Stockholm",
		"CH": "Berne",
		"SY": "Damas",
		"TW": "Taipei",
		"TJ": "Douchanbé",
		"TZ": "Dodoma",
		"TH": "Bangkok",
		"TG": "Lomé",
		"TK": "",
		"TO": "Nuku'alofa",
		"TT": "Port-d'Espagne",
		"TN": "Tunis",
		"TR": "Ankara",
		"TM": "Achgabat",
		"TC": "Cockburn Town",
		"TV": "Funafuti",
		"UG": "Kampala",
		"UA": "Kiev",
		"AE": "Abou Dabi",
		"GB": "Londres",
		"US": "Washington, D.C.",
		"UM": "",
		"UY": "Montevideo",
		"UZ": "Tachkent",
		"VU": "Port-Vila",
		"VA": "Cité du Vatican",
		"VE": "Caracas",
		"VN": "Hanoï",
		"VG": "Road Town",
		"VI": "Charlotte Amalie",
		"WF": "Mata-Utu",
		"EH": "Laâyoune (El Aaiún)",
		"YE": "Sanaa",
		"ZM": "Lusaka",
		"ZW": "Harare"
	},
	"currencies": {
		"singular": {
			"USD": "Dollar américain",
			"CAD": "Dollar canadien",
			"EUR": "Euro",
			"AED": "Dirham des Émirats arabes unis",
			"AFN": "Afghani afghan",
			"ALL": "Lek albanais",
			"AMD": "Dram arménien",
			"ARS": "Peso argentin",
			"AUD": "Dollar australien",
			"AZN": "Manat azerbaïdjanais",
			"BAM": "Mark convertible de Bosnie-Herzégovine",
			"BDT": "Taka bangladais",
			"BGN": "Lev bulgare",
			"BHD": "Dinar bahreïni",
			"BIF": "Franc burundais",
			"BND": "Dollar de Brunei",
			"BOB": "Boliviano bolivien",
			"BRL": "Real brésilien",
			"BWP": "Pula botswanaise",
			"BYR": "Rouble biélorusse",
			"BZD": "Dollar bélizien",
			"CDF": "Franc congolais",
			"CHF": "Franc suisse",
			"CLP": "Peso chilien",
			"CNY": "Yuan chinois",
			"COP": "Peso colombien",
			"CRC": "Colón costaricien",
			"CVE": "Escudo cap-verdien",
			"CZK": "Couronne tchèque",
			"DJF": "Franc djiboutien",
			"DKK": "Couronne danoise",
			"DOP": "Peso dominicain",
			"DZD": "Dinar algérien",
			"EEK": "Couronne estonienne",
			"EGP": "Livre égyptienne",
			"ERN": "Nakfa érythréen",
			"ETB": "Birr éthiopien",
			"GBP": "Livre sterling britannique",
			"GEL": "Lari géorgien",
			"GHS": "Cedi ghanéen",
			"GNF": "Franc guinéen",
			"GTQ": "Quetzal guatémaltèque",
			"HKD": "Dollar de Hong Kong",
			"HNL": "Lempira hondurien",
			"HRK": "Kuna croate",
			"HUF": "Forint hongrois",
			"IDR": "Roupie indonésienne",
			"ILS": "Nouveau shekel israélien",
			"INR": "Roupie indienne",
			"IQD": "Dinar irakien",
			"IRR": "Rial iranien",
			"ISK": "Couronne islandaise",
			"JMD": "Dollar jamaïcain",
			"JOD": "Dinar jordanien",
			"JPY": "Yen japonais",
			"KES": "Shilling kényan",
			"KHR": "Riel cambodgien",
			"KMF": "Franc comorien",
			"KRW": "Won sud-coréen",
			"KWD": "Dinar koweïtien",
			"KZT": "Tenge kazakh",
			"LBP": "Livre libanaise",
			"LKR": "Roupie sri-lankaise",
			"LTL": "Litas lituanien",
			"LVL": "Lats letton",
			"LYD": "Dinar libyen",
			"MAD": "Dirham marocain",
			"MDL": "Leu moldave",
			"MGA": "Ariary malgache",
			"MKD": "Denar macédonien",
			"MMK": "Kyat birman",
			"MOP": "Pataca macanaise",
			"MUR": "Roupie mauricienne",
			"MXN": "Peso mexicain",
			"MYR": "Ringgit malaisien",
			"MZN": "Metical mozambicain",
			"NAD": "Dollar namibien",
			"NGN": "Naira nigérian",
			"NIO": "Córdoba nicaraguayen",
			"NOK": "Couronne norvégienne",
			"NPR": "Roupie népalaise",
			"NZD": "Dollar néo-zélandais",
			"OMR": "Rial omanais",
			"PAB": "Balboa panaméen",
			"PEN": "Nuevo sol péruvien",
			"PHP": "Peso philippin",
			"PKR": "Roupie pakistanaise",
			"PLN": "Zloty polonais",
			"PYG": "Guaraní paraguayen",
			"QAR": "Rial qatari",
			"RON": "Leu roumain",
			"RSD": "Dinar serbe",
			"RUB": "Rouble russe",
			"RWF": "Franc rwandais",
			"SAR": "Riyal saoudien",
			"SDG": "Livre soudanaise",
			"SEK": "Couronne suédoise",
			"SGD": "Dollar singapourien",
			"SOS": "Shilling somalien",
			"SYP": "Livre syrienne",
			"THB": "Baht thaïlandais",
			"TND": "Dinar tunisien",
			"TOP": "Pa'anga tongan",
			"TRY": "Livre turque",
			"TTD": "Dollar trinidadien et tobagonien",
			"TWD": "Nouveau dollar taïwanais",
			"TZS": "Shilling tanzanien",
			"UAH": "Hryvnia ukrainienne",
			"UGX": "Shilling ougandais",
			"UYU": "Peso uruguayen",
			"UZS": "Som ouzbek",
			"VEF": "Bolívar vénézuélien",
			"VND": "Dong vietnamien",
			"XAF": "Franc CFA BEAC",
			"XOF": "Franc CFA BCEAO",
			"YER": "Rial yéménite",
			"ZAR": "Rand sud-africain",
			"ZMW": "Kwacha zambien"
		},
		"plural": {
			"USD": "Dollars américains",
			"CAD": "Dollars canadiens",
			"EUR": "Euros",
			"AED": "Dirhams des Émirats arabes unis",
			"AFN": "Afghanis afghans",
			"ALL": "Lekë albanais",
			"AMD": "Drams arméniens",
			"ARS": "Pesos argentins",
			"AUD": "Dollars australiens",
			"AZN": "Manats azerbaïdjanais",
			"BAM": "Marks convertibles de Bosnie-Herzégovine",
			"BDT": "Takas bangladais",
			"BGN": "Leva bulgares",
			"BHD": "Dinars bahreïnis",
			"BIF": "Francs burundais",
			"BND": "Dollars brunéiens",
			"BOB": "Bolivianos boliviens",
			"BRL": "Réals brésiliens",
			"BWP": "Pulas botswanais",
			"BYR": "Roubles biélorusses",
			"BZD": "Dollars béliziens",
			"CDF": "Francs congolais",
			"CHF": "Francs suisses",
			"CLP": "Pesos chiliens",
			"CNY": "Yuans chinois",
			"COP": "Pesos colombiens",
			"CRC": "Colóns costaricains",
			"CVE": "Escudos cap-verdiens",
			"CZK": "Couronnes tchèques",
			"DJF": "Francs djiboutiens",
			"DKK": "Couronnes danoises",
			"DOP": "Pesos dominicains",
			"DZD": "Dinars algériens",
			"EEK": "Kroons estoniens",
			"EGP": "Livres égyptiennes",
			"ERN": "Nakfas érythréens",
			"ETB": "Birrs éthiopiens",
			"GBP": "Livres sterling britanniques",
			"GEL": "Laris géorgiens",
			"GHS": "Cedis ghanéens",
			"GNF": "Francs guinéens",
			"GTQ": "Quetzals guatémaltèques",
			"HKD": "Dollars de Hong Kong",
			"HNL": "Lempiras honduriens",
			"HRK": "Kunas croates",
			"HUF": "Forints hongrois",
			"IDR": "Roupies indonésiennes",
			"ILS": "Nouveaux sheqels israéliens",
			"INR": "Roupies indiennes",
			"IQD": "Dinars irakiens",
			"IRR": "Rials iraniens",
			"ISK": "Couronnes islandaises",
			"JMD": "Dollars jamaïcains",
			"JOD": "Dinars jordaniens",
			"JPY": "Yens japonais",
			"KES": "Shillings kényans",
			"KHR": "Riels cambodgiens",
			"KMF": "Francs comoriens",
			"KRW": "Wons sud-coréens",
			"KWD": "Dinars koweïtiens",
			"KZT": "Tenges kazakhs",
			"LBP": "Livres libanaises",
			"LKR": "Roupies srilankaises",
			"LTL": "Litas lituaniens",
			"LVL": "Lats lettons",
			"LYD": "Dinars libyens",
			"MAD": "Dirhams marocains",
			"MDL": "Lei moldaves",
			"MGA": "Ariaries malgaches",
			"MKD": "Denari macédoniens",
			"MMK": "Kyats birmans",
			"MOP": "Patacas macanéens",
			"MUR": "Roupies mauriciennes",
			"MXN": "Pesos mexicains",
			"MYR": "Ringgits malaisiens",
			"MZN": "Meticals mozambicains",
			"NAD": "Dollars namibiens",
			"NGN": "Nairas nigérians",
			"NIO": "Córdobas nicaraguayens",
			"NOK": "Couronnes norvégiennes",
			"NPR": "Roupies népalaises",
			"NZD": "Dollars néo-zélandais",
			"OMR": "Rials omanais",
			"PAB": "Balboas panaméens",
			"PEN": "Nouveaux sols péruviens",
			"PHP": "Pesos philippins",
			"PKR": "Roupies pakistanaises",
			"PLN": "Zlotys polonais",
			"PYG": "Guaranis paraguayens",
			"QAR": "Rials qataris",
			"RON": "Lei roumains",
			"RSD": "Dinars serbes",
			"RUB": "Roubles russes",
			"RWF": "Francs rwandais",
			"SAR": "Rials saoudiens",
			"SDG": "Livres soudanaises",
			"SEK": "Couronnes suédoises",
			"SGD": "Dollars singapouriens",
			"SOS": "Shillings somaliens",
			"SYP": "Livres syriennes",
			"THB": "Bahts thaïlandais",
			"TND": "Dinars tunisiens",
			"TOP": "Pa'anga tongans",
			"TRY": "Lires turques",
			"TTD": "Dollars de Trinité-et-Tobago",
			"TWD": "Nouveaux dollars taïwanais",
			"TZS": "Shillings tanzaniens",
			"UAH": "Hryvnias ukrainiennes",
			"UGX": "Shillings ougandais",
			"UYU": "Pesos uruguayens",
			"UZS": "Soms ouzbeks",
			"VEF": "Bolívars vénézuéliens",
			"VND": "Dongs vietnamiens",
			"XAF": "Francs CFA BEAC",
			"XOF": "Francs CFA BCEAO",
			"YER": "Rials yéménites",
			"ZAR": "Rands sud-africains",
			"ZMW": "Kwachas zambiens"
		}
	},
	"timezones": {
		"Etc/GMT+12": "GMT-12:00",
		"Etc/GMT+11": "GMT-11:00",
		"Pacific/Midway": "Heure normale de Samoa",
		"Pacific/Niue": "Heure de Niue",
		"Pacific/Pago_Pago": "Heure normale de Samoa",
		"Pacific/Samoa": "Heure normale de Samoa",
		"US/Samoa": "Heure normale de Samoa",
		"America/Adak": "Heure normale de l'Alaska-Hawaï",
		"America/Atka": "Heure normale de l'Alaska-Hawaï",
		"Etc/GMT+10": "GMT-10:00",
		"HST": "Heure normale d'Hawaï",
		"Pacific/Honolulu": "Heure normale d'Hawaï",
		"Pacific/Johnston": "Heure normale d'Hawaï",
		"Pacific/Rarotonga": "Heure des îles Cook",
		"Pacific/Tahiti": "Heure de Tahiti",
		"SystemV/HST10": "Heure normale d'Hawaï",
		"US/Aleutian": "Heure normale de l'Alaska-Hawaï",
		"US/Hawaii": "Heure normale d'Hawaï",
		"Pacific/Marquesas": "Heure des îles Marquises",
		"AST": "Heure normale de l'Alaska",
		"America/Anchorage": "Heure normale de l'Alaska",
		"America/Juneau": "Heure normale de l'Alaska",
		"America/Nome": "Heure normale de l'Alaska",
		"America/Sitka": "Heure normale de l'Alaska",
		"America/Yakutat": "Heure normale de l'Alaska",
		"Etc/GMT+9": "GMT-09:00",
		"Pacific/Gambier": "Heure des îles Gambier",
		"SystemV/YST9": "Heure normale de l'Alaska",
		"SystemV/YST9YDT": "Heure normale de l'Alaska",
		"US/Alaska": "Heure normale de l'Alaska",
		"America/Dawson": "Heure normale du Pacifique",
		"America/Ensenada": "Heure normale du Pacifique",
		"America/Los_Angeles": "Heure normale du Pacifique",
		"America/Metlakatla": "Heure normale du Pacifique",
		"America/Santa_Isabel": "Heure normale du Pacifique",
		"America/Tijuana": "Heure normale du Pacifique",
		"America/Vancouver": "Heure normale du Pacifique",
		"America/Whitehorse": "Heure normale du Pacifique",
		"Canada/Pacific": "Heure normale du Pacifique",
		"Canada/Yukon": "Heure normale du Pacifique",
		"Etc/GMT+8": "GMT-08:00",
		"Mexico/BajaNorte": "Heure normale du Pacifique",
		"PST": "Heure normale du Pacifique",
		"PST8PDT": "Heure normale du Pacifique",
		"Pacific/Pitcairn": "Heure normale de Pitcairn",
		"SystemV/PST8": "Heure normale du Pacifique",
		"SystemV/PST8PDT": "Heure normale du Pacifique",
		"US/Pacific": "Heure normale du Pacifique",
		"US/Pacific-New": "Heure normale du Pacifique",
		"America/Boise": "Heure normale des Rocheuses",
		"America/Cambridge_Bay": "Heure normale des Rocheuses",
		"America/Chihuahua": "Heure normale des Rocheuses",
		"America/Creston": "Heure normale des Rocheuses",
		"America/Dawson_Creek": "Heure normale des Rocheuses",
		"America/Denver": "Heure normale des Rocheuses",
		"America/Edmonton": "Heure normale des Rocheuses",
		"America/Hermosillo": "Heure normale des Rocheuses",
		"America/Inuvik": "Heure normale des Rocheuses",
		"America/Mazatlan": "Heure normale des Rocheuses",
		"America/Ojinaga": "Heure normale des Rocheuses",
		"America/Phoenix": "Heure normale des Rocheuses",
		"America/Shiprock": "Heure normale des Rocheuses",
		"America/Yellowknife": "Heure normale des Rocheuses",
		"Canada/Mountain": "Heure normale des Rocheuses",
		"Etc/GMT+7": "GMT-07:00",
		"MST": "Heure normale des Rocheuses",
		"MST7MDT": "Heure normale des Rocheuses",
		"Mexico/BajaSur": "Heure normale des Rocheuses",
		"Navajo": "Heure normale des Rocheuses",
		"PNT": "Heure normale des Rocheuses",
		"SystemV/MST7": "Heure normale des Rocheuses",
		"SystemV/MST7MDT": "Heure normale des Rocheuses",
		"US/Arizona": "Heure normale des Rocheuses",
		"US/Mountain": "Heure normale des Rocheuses",
		"America/Bahia_Banderas": "Heure normale du Centre",
		"America/Belize": "Heure normale du Centre",
		"America/Cancun": "Heure normale du Centre",
		"America/Chicago": "Heure normale du Centre",
		"America/Costa_Rica": "Heure normale du Centre",
		"America/El_Salvador": "Heure normale du Centre",
		"America/Guatemala": "Heure normale du Centre",
		"America/Indiana/Knox": "Heure normale du Centre",
		"America/Indiana/Tell_City": "Heure normale du Centre",
		"America/Knox_IN": "Heure normale du Centre",
		"America/Managua": "Heure normale du Centre",
		"America/Matamoros": "Heure normale du Centre",
		"America/Menominee": "Heure normale du Centre",
		"America/Merida": "Heure normale du Centre",
		"America/Mexico_City": "Heure normale du Centre",
		"America/Monterrey": "Heure normale du Centre",
		"America/North_Dakota/Beulah": "Heure normale du Centre",
		"America/North_Dakota/Center": "Heure normale du Centre",
		"America/North_Dakota/New_Salem": "Heure normale du Centre",
		"America/Rainy_River": "Heure normale du Centre",
		"America/Rankin_Inlet": "Heure normale du Centre",
		"America/Regina": "Heure normale du Centre",
		"America/Resolute": "Heure normale du Centre",
		"America/Swift_Current": "Heure normale du Centre",
		"America/Tegucigalpa": "Heure normale du Centre",
		"America/Winnipeg": "Heure normale du Centre",
		"CST": "Heure normale du Centre",
		"CST6CDT": "Heure normale du Centre",
		"Canada/Central": "Heure normale du Centre",
		"Canada/East-Saskatchewan": "Heure normale du Centre",
		"Canada/Saskatchewan": "Heure normale du Centre",
		"Chile/EasterIsland": "Heure de l'île de Pâques",
		"Etc/GMT+6": "GMT-06:00",
		"Mexico/General": "Heure normale du Centre",
		"Pacific/Easter": "Heure de l'île de Pâques",
		"Pacific/Galapagos": "Heure des Galapagos",
		"SystemV/CST6": "Heure normale du Centre",
		"SystemV/CST6CDT": "Heure normale du Centre",
		"US/Central": "Heure normale du Centre",
		"US/Indiana-Starke": "Heure normale du Centre",
		"America/Atikokan": "Heure normale de l'Est",
		"America/Bogota": "Heure de Colombie",
		"America/Cayman": "Heure normale de l'Est",
		"America/Coral_Harbour": "Heure normale de l'Est",
		"America/Detroit": "Heure normale de l'Est",
		"America/Eirunepe": "Heure de l'Acre",
		"America/Fort_Wayne": "Heure normale de l'Est",
		"America/Guayaquil": "Heure d'Équateur",
		"America/Havana": "Heure normale de Cuba",
		"America/Indiana/Indianapolis": "Heure normale de l'Est",
		"America/Indiana/Marengo": "Heure normale de l'Est",
		"America/Indiana/Petersburg": "Heure normale de l'Est",
		"America/Indiana/Vevay": "Heure normale de l'Est",
		"America/Indiana/Vincennes": "Heure normale de l'Est",
		"America/Indiana/Winamac": "Heure normale de l'Est",
		"America/Indianapolis": "Heure normale de l'Est",
		"America/Iqaluit": "Heure normale de l'Est",
		"America/Jamaica": "Heure normale de l'Est",
		"America/Kentucky/Louisville": "Heure normale de l'Est",
		"America/Kentucky/Monticello": "Heure normale de l'Est",
		"America/Lima": "Heure du Pérou",
		"America/Louisville": "Heure normale de l'Est",
		"America/Montreal": "Heure normale de l'Est",
		"America/Nassau": "Heure normale de l'Est",
		"America/New_York": "Heure normale de l'Est",
		"America/Nipigon": "Heure normale de l'Est",
		"America/Panama": "Heure normale de l'Est",
		"America/Pangnirtung": "Heure normale de l'Est",
		"America/Port-au-Prince": "Heure normale de l'Est",
		"America/Porto_Acre": "Heure de l'Acre",
		"America/Rio_Branco": "Heure de l'Acre",
		"America/Thunder_Bay": "Heure normale de l'Est",
		"America/Toronto": "Heure normale de l'Est",
		"Brazil/Acre": "Heure de l'Acre",
		"Canada/Eastern": "Heure normale de l'Est",
		"Cuba": "Heure normale de Cuba",
		"EST": "Heure normale de l'Est",
		"EST5EDT": "Heure normale de l'Est",
		"Etc/GMT+5": "GMT-05:00",
		"IET": "Heure normale de l'Est",
		"Jamaica": "Heure normale de l'Est",
		"SystemV/EST5": "Heure normale de l'Est",
		"SystemV/EST5EDT": "Heure normale de l'Est",
		"US/East-Indiana": "Heure normale de l'Est",
		"US/Eastern": "Heure normale de l'Est",
		"US/Michigan": "Heure normale de l'Est",
		"America/Caracas": "Heure du Venezuela",
		"America/Anguilla": "Heure normale de l'Atlantique",
		"America/Antigua": "Heure normale de l'Atlantique",
		"America/Aruba": "Heure normale de l'Atlantique",
		"America/Asuncion": "Heure du Paraguay",
		"America/Barbados": "Heure normale de l'Atlantique",
		"America/Blanc-Sablon": "Heure normale de l'Atlantique",
		"America/Boa_Vista": "Heure de l'Amazonie",
		"America/Campo_Grande": "Heure de l'Amazonie",
		"America/Cuiaba": "Heure de l'Amazonie",
		"America/Curacao": "Heure normale de l'Atlantique",
		"America/Dominica": "Heure normale de l'Atlantique",
		"America/Glace_Bay": "Heure normale de l'Atlantique",
		"America/Goose_Bay": "Heure normale de l'Atlantique",
		"America/Grenada": "Heure normale de l'Atlantique",
		"America/Guadeloupe": "Heure normale de l'Atlantique",
		"America/Guyana": "Heure du Guyana",
		"America/Halifax": "Heure normale de l'Atlantique",
		"America/Kralendijk": "Heure normale de l'Atlantique",
		"America/La_Paz": "Heure de la Bolivie",
		"America/Lower_Princes": "Heure normale de l'Atlantique",
		"America/Manaus": "Heure de l'Amazonie",
		"America/Marigot": "Heure normale de l'Atlantique",
		"America/Martinique": "Heure normale de l'Atlantique",
		"America/Moncton": "Heure normale de l'Atlantique",
		"America/Montserrat": "Heure normale de l'Atlantique",
		"America/Port_of_Spain": "Heure normale de l'Atlantique",
		"America/Porto_Velho": "Heure de l'Amazonie",
		"America/Puerto_Rico": "Heure normale de l'Atlantique",
		"America/Santiago": "Heure du Chili",
		"America/Santo_Domingo": "Heure normale de l'Atlantique",
		"America/St_Barthelemy": "Heure normale de l'Atlantique",
		"America/St_Kitts": "Heure normale de l'Atlantique",
		"America/St_Lucia": "Heure normale de l'Atlantique",
		"America/St_Thomas": "Heure normale de l'Atlantique",
		"America/St_Vincent": "Heure normale de l'Atlantique",
		"America/Thule": "Heure normale de l'Atlantique",
		"America/Tortola": "Heure normale de l'Atlantique",
		"America/Virgin": "Heure normale de l'Atlantique",
		"Antarctica/Palmer": "Heure du Chili",
		"Atlantic/Bermuda": "Heure normale de l'Atlantique",
		"Brazil/West": "Heure de l'Amazonie",
		"Canada/Atlantic": "Heure normale de l'Atlantique",
		"Chile/Continental": "Heure du Chili",
		"Etc/GMT+4": "GMT-04:00",
		"PRT": "Heure normale de l'Atlantique",
		"SystemV/AST4": "Heure normale de l'Atlantique",
		"SystemV/AST4ADT": "Heure normale de l'Atlantique",
		"America/St_Johns": "Heure normale de Terre-Neuve",
		"CNT": "Heure normale de Terre-Neuve",
		"Canada/Newfoundland": "Heure normale de Terre-Neuve",
		"AGT": "Heure de l'Argentine",
		"America/Araguaina": "Heure de Brasilia",
		"America/Argentina/Buenos_Aires": "Heure de l'Argentine",
		"America/Argentina/Catamarca": "Heure de l'Argentine",
		"America/Argentina/ComodRivadavia": "Heure de l'Argentine",
		"America/Argentina/Cordoba": "Heure de l'Argentine",
		"America/Argentina/Jujuy": "Heure de l'Argentine",
		"America/Argentina/La_Rioja": "Heure de l'Argentine",
		"America/Argentina/Mendoza": "Heure de l'Argentine",
		"America/Argentina/Rio_Gallegos": "Heure de l'Argentine",
		"America/Argentina/Salta": "Heure de l'Argentine",
		"America/Argentina/San_Juan": "Heure de l'Argentine",
		"America/Argentina/San_Luis": "Heure de l'Argentine",
		"America/Argentina/Tucuman": "Heure de l'Argentine",
		"America/Argentina/Ushuaia": "Heure de l'Argentine",
		"America/Bahia": "Heure de Brasilia",
		"America/Belem": "Heure de Brasilia",
		"America/Buenos_Aires": "Heure de l'Argentine",
		"America/Catamarca": "Heure de l'Argentine",
		"America/Cayenne": "Heure de la Guyane",
		"America/Cordoba": "Heure de l'Argentine",
		"America/Fortaleza": "Heure de Brasilia",
		"America/Godthab": "Heure du Groenland occidental",
		"America/Jujuy": "Heure de l'Argentine",
		"America/Maceio": "Heure de Brasilia",
		"America/Mendoza": "Heure de l'Argentine",
		"America/Miquelon": "Heure normale de Saint-Pierre-et-Miquelon",
		"America/Montevideo": "Heure de l'Uruguay",
		"America/Paramaribo": "Heure du Suriname",
		"America/Recife": "Heure de Brasilia",
		"America/Rosario": "Heure de l'Argentine",
		"America/Santarem": "Heure de Brasilia",
		"America/Sao_Paulo": "Heure de Brasilia",
		"Antarctica/Rothera": "Heure de Rothera",
		"Atlantic/Stanley": "Heure des îles Falkland",
		"BET": "Heure de Brasilia",
		"Brazil/East": "Heure de Brasilia",
		"Etc/GMT+3": "GMT-03:00",
		"America/Noronha": "Heure de Fernando de Noronha",
		"Atlantic/South_Georgia": "Heure normale de Géorgie du Sud",
		"Brazil/DeNoronha": "Heure de Fernando de Noronha",
		"Etc/GMT+2": "GMT-02:00",
		"America/Scoresbysund": "Heure du Groenland oriental",
		"Atlantic/Azores": "Heure des Açores",
		"Atlantic/Cape_Verde": "Heure du Cap-Vert",
		"Etc/GMT+1": "GMT-01:00",
		"Africa/Abidjan": "Heure moyenne de Greenwich",
		"Africa/Accra": "Heure moyenne de Greenwich",
		"Africa/Bamako": "Heure moyenne de Greenwich",
		"Africa/Banjul": "Heure moyenne de Greenwich",
		"Africa/Bissau": "Heure moyenne de Greenwich",
		"Africa/Casablanca": "Heure d'Europe de l'Ouest",
		"Africa/Conakry": "Heure moyenne de Greenwich",
		"Africa/Dakar": "Heure moyenne de Greenwich",
		"Africa/El_Aaiun": "Heure d'Europe de l'Ouest",
		"Africa/Freetown": "Heure moyenne de Greenwich",
		"Africa/Lome": "Heure moyenne de Greenwich",
		"Africa/Monrovia": "Heure moyenne de Greenwich",
		"Africa/Nouakchott": "Heure moyenne de Greenwich",
		"Africa/Ouagadougou": "Heure moyenne de Greenwich",
		"Africa/Sao_Tome": "Heure moyenne de Greenwich",
		"Africa/Timbuktu": "Heure moyenne de Greenwich",
		"America/Danmarkshavn": "Heure moyenne de Greenwich",
		"Antarctica/Troll": "Temps universel coordonné",
		"Atlantic/Canary": "Heure d'Europe de l'Ouest",
		"Atlantic/Faeroe": "Heure d'Europe de l'Ouest",
		"Atlantic/Faroe": "Heure d'Europe de l'Ouest",
		"Atlantic/Madeira": "Heure d'Europe de l'Ouest",
		"Atlantic/Reykjavik": "Heure moyenne de Greenwich",
		"Atlantic/St_Helena": "Heure moyenne de Greenwich",
		"Eire": "Heure moyenne de Greenwich",
		"Etc/GMT": "GMT+00:00",
		"Etc/GMT+0": "GMT+00:00",
		"Etc/GMT-0": "GMT+00:00",
		"Etc/GMT0": "GMT+00:00",
		"Etc/Greenwich": "Heure moyenne de Greenwich",
		"Etc/UCT": "Temps universel coordonné",
		"Etc/UTC": "Temps universel coordonné",
		"Etc/Universal": "Temps universel coordonné",
		"Etc/Zulu": "Temps universel coordonné",
		"Europe/Belfast": "Heure moyenne de Greenwich",
		"Europe/Dublin": "Heure moyenne de Greenwich",
		"Europe/Guernsey": "Heure moyenne de Greenwich",
		"Europe/Isle_of_Man": "Heure moyenne de Greenwich",
		"Europe/Jersey": "Heure moyenne de Greenwich",
		"Europe/Lisbon": "Heure d'Europe de l'Ouest",
		"Europe/London": "Heure moyenne de Greenwich",
		"GB": "Heure moyenne de Greenwich",
		"GB-Eire": "Heure moyenne de Greenwich",
		"GMT": "Heure moyenne de Greenwich",
		"GMT0": "GMT+00:00",
		"Greenwich": "Heure moyenne de Greenwich",
		"Iceland": "Heure moyenne de Greenwich",
		"Portugal": "Heure d'Europe de l'Ouest",
		"UCT": "Temps universel coordonné",
		"UTC": "Temps universel coordonné",
		"Universal": "Temps universel coordonné",
		"WET": "Heure d'Europe de l'Ouest",
		"Zulu": "Temps universel coordonné",
		"Africa/Algiers": "Heure d'Europe centrale",
		"Africa/Bangui": "Heure de l'Afrique de l'Ouest",
		"Africa/Brazzaville": "Heure de l'Afrique de l'Ouest",
		"Africa/Ceuta": "Heure d'Europe centrale",
		"Africa/Douala": "Heure de l'Afrique de l'Ouest",
		"Africa/Kinshasa": "Heure de l'Afrique de l'Ouest",
		"Africa/Lagos": "Heure de l'Afrique de l'Ouest",
		"Africa/Libreville": "Heure de l'Afrique de l'Ouest",
		"Africa/Luanda": "Heure de l'Afrique de l'Ouest",
		"Africa/Malabo": "Heure de l'Afrique de l'Ouest",
		"Africa/Ndjamena": "Heure de l'Afrique de l'Ouest",
		"Africa/Niamey": "Heure de l'Afrique de l'Ouest",
		"Africa/Porto-Novo": "Heure de l'Afrique de l'Ouest",
		"Africa/Tunis": "Heure d'Europe centrale",
		"Africa/Windhoek": "Heure de l'Afrique de l'Ouest",
		"Arctic/Longyearbyen": "Heure d'Europe centrale",
		"Atlantic/Jan_Mayen": "Heure d'Europe centrale",
		"CET": "Heure d'Europe centrale",
		"ECT": "Heure d'Europe centrale",
		"Etc/GMT-1": "GMT+01:00",
		"Europe/Amsterdam": "Heure d'Europe centrale",
		"Europe/Andorra": "Heure d'Europe centrale",
		"Europe/Belgrade": "Heure d'Europe centrale",
		"Europe/Berlin": "Heure d'Europe centrale",
		"Europe/Bratislava": "Heure d'Europe centrale",
		"Europe/Brussels": "Heure d'Europe centrale",
		"Europe/Budapest": "Heure d'Europe centrale",
		"Europe/Busingen": "Heure d'Europe centrale",
		"Europe/Copenhagen": "Heure d'Europe centrale",
		"Europe/Gibraltar": "Heure d'Europe centrale",
		"Europe/Ljubljana": "Heure d'Europe centrale",
		"Europe/Luxembourg": "Heure d'Europe centrale",
		"Europe/Madrid": "Heure d'Europe centrale",
		"Europe/Malta": "Heure d'Europe centrale",
		"Europe/Monaco": "Heure d'Europe centrale",
		"Europe/Oslo": "Heure d'Europe centrale",
		"Europe/Paris": "Heure d'Europe centrale",
		"Europe/Podgorica": "Heure d'Europe centrale",
		"Europe/Prague": "Heure d'Europe centrale",
		"Europe/Rome": "Heure d'Europe centrale",
		"Europe/San_Marino": "Heure d'Europe centrale",
		"Europe/Sarajevo": "Heure d'Europe centrale",
		"Europe/Skopje": "Heure d'Europe centrale",
		"Europe/Stockholm": "Heure d'Europe centrale",
		"Europe/Tirane": "Heure d'Europe centrale",
		"Europe/Vaduz": "Heure d'Europe centrale",
		"Europe/Vatican": "Heure d'Europe centrale",
		"Europe/Vienna": "Heure d'Europe centrale",
		"Europe/Warsaw": "Heure d'Europe centrale",
		"Europe/Zagreb": "Heure d'Europe centrale",
		"Europe/Zurich": "Heure d'Europe centrale",
		"MET": "Heure d'Europe moyenne",
		"Poland": "Heure d'Europe centrale",
		"ART": "Heure d'Europe de l'Est",
		"Africa/Blantyre": "Heure d'Afrique centrale",
		"Africa/Bujumbura": "Heure d'Afrique centrale",
		"Africa/Cairo": "Heure d'Europe de l'Est",
		"Africa/Gaborone": "Heure d'Afrique centrale",
		"Africa/Harare": "Heure d'Afrique centrale",
		"Africa/Johannesburg": "Heure normale de l'Afrique du Sud",
		"Africa/Kigali": "Heure d'Afrique centrale",
		"Africa/Lubumbashi": "Heure d'Afrique centrale",
		"Africa/Lusaka": "Heure d'Afrique centrale",
		"Africa/Maputo": "Heure d'Afrique centrale",
		"Africa/Maseru": "Heure normale de l'Afrique du Sud",
		"Africa/Mbabane": "Heure normale de l'Afrique du Sud",
		"Africa/Tripoli": "Heure d'Europe de l'Est",
		"Asia/Amman": "Heure d'Europe de l'Est",
		"Asia/Beirut": "Heure d'Europe de l'Est",
		"Asia/Damascus": "Heure d'Europe de l'Est",
		"Asia/Gaza": "Heure d'Europe de l'Est",
		"Asia/Hebron": "Heure d'Europe de l'Est",
		"Asia/Istanbul": "Heure d'Europe de l'Est",
		"Asia/Jerusalem": "Heure normale d'Israël",
		"Asia/Nicosia": "Heure d'Europe de l'Est",
		"Asia/Tel_Aviv": "Heure normale d'Israël",
		"CAT": "Heure d'Afrique centrale",
		"EET": "Heure d'Europe de l'Est",
		"Egypt": "Heure d'Europe de l'Est",
		"Etc/GMT-2": "GMT+02:00",
		"Europe/Athens": "Heure d'Europe de l'Est",
		"Europe/Bucharest": "Heure d'Europe de l'Est",
		"Europe/Chisinau": "Heure d'Europe de l'Est",
		"Europe/Helsinki": "Heure d'Europe de l'Est",
		"Europe/Istanbul": "Heure d'Europe de l'Est",
		"Europe/Kaliningrad": "Heure d'Europe de l'Est",
		"Europe/Kiev": "Heure d'Europe de l'Est",
		"Europe/Mariehamn": "Heure d'Europe de l'Est",
		"Europe/Nicosia": "Heure d'Europe de l'Est",
		"Europe/Riga": "Heure d'Europe de l'Est",
		"Europe/Sofia": "Heure d'Europe de l'Est",
		"Europe/Tallinn": "Heure d'Europe de l'Est",
		"Europe/Tiraspol": "Heure d'Europe de l'Est",
		"Europe/Uzhgorod": "Heure d'Europe de l'Est",
		"Europe/Vilnius": "Heure d'Europe de l'Est",
		"Europe/Zaporozhye": "Heure d'Europe de l'Est",
		"Israel": "Heure normale d'Israël",
		"Libya": "Heure d'Europe de l'Est",
		"Turkey": "Heure d'Europe de l'Est",
		"Africa/Addis_Ababa": "Heure d'Afrique de l'Est",
		"Africa/Asmara": "Heure d'Afrique de l'Est",
		"Africa/Asmera": "Heure d'Afrique de l'Est",
		"Africa/Dar_es_Salaam": "Heure d'Afrique de l'Est",
		"Africa/Djibouti": "Heure d'Afrique de l'Est",
		"Africa/Juba": "Heure d'Afrique de l'Est",
		"Africa/Kampala": "Heure d'Afrique de l'Est",
		"Africa/Khartoum": "Heure d'Afrique de l'Est",
		"Africa/Mogadishu": "Heure d'Afrique de l'Est",
		"Africa/Nairobi": "Heure d'Afrique de l'Est",
		"Antarctica/Syowa": "Heure de Syowa",
		"Asia/Aden": "Heure normale de l'Arabie",
		"Asia/Baghdad": "Heure normale de l'Arabie",
		"Asia/Bahrain": "Heure normale de l'Arabie",
		"Asia/Kuwait": "Heure normale de l'Arabie",
		"Asia/Qatar": "Heure normale de l'Arabie",
		"Asia/Riyadh": "Heure normale de l'Arabie",
		"EAT": "Heure d'Afrique de l'Est",
		"Etc/GMT-3": "GMT+03:00",
		"Europe/Minsk": "Heure normale de Moscou",
		"Europe/Moscow": "Heure normale de Moscou",
		"Europe/Simferopol": "Heure normale de Moscou",
		"Europe/Volgograd": "Heure normale de Moscou",
		"Indian/Antananarivo": "Heure d'Afrique de l'Est",
		"Indian/Comoro": "Heure d'Afrique de l'Est",
		"Indian/Mayotte": "Heure d'Afrique de l'Est",
		"W-SU": "Heure normale de Moscou",
		"Asia/Riyadh87": "GMT+03:07",
		"Asia/Riyadh88": "GMT+03:07",
		"Asia/Riyadh89": "GMT+03:07",
		"Mideast/Riyadh87": "GMT+03:07",
		"Mideast/Riyadh88": "GMT+03:07",
		"Mideast/Riyadh89": "GMT+03:07",
		"Asia/Tehran": "Heure normale de l'Iran",
		"Iran": "Heure normale de l'Iran",
		"Asia/Baku": "Heure de l'Azerbaïdjan",
		"Asia/Dubai": "Heure normale du Golfe",
		"Asia/Muscat": "Heure normale du Golfe",
		"Asia/Tbilisi": "Heure de la Géorgie",
		"Asia/Yerevan": "Heure de l'Arménie",
		"Etc/GMT-4": "GMT+04:00",
		"Europe/Samara": "Heure de Samara",
		"Indian/Mahe": "Heure des Seychelles",
		"Indian/Mauritius": "Heure de Maurice",
		"Indian/Reunion": "Heure de La Réunion",
		"NET": "Heure de l'Arménie",
		"Asia/Kabul": "Heure de l'Afghanistan",
		"Antarctica/Mawson": "Heure de Mawson",
		"Asia/Aqtau": "Heure d'Aqtau",
		"Asia/Aqtobe": "Heure d'Aqtöbe",
		"Asia/Ashgabat": "Heure du Turkménistan",
		"Asia/Ashkhabad": "Heure du Turkménistan",
		"Asia/Dushanbe": "Heure du Tadjikistan",
		"Asia/Karachi": "Heure du Pakistan",
		"Asia/Oral": "Heure d'Oral",
		"Asia/Samarkand": "Heure de l'Ouzbékistan",
		"Asia/Tashkent": "Heure de l'Ouzbékistan",
		"Asia/Yekaterinburg": "Heure de Iekaterinbourg",
		"Etc/GMT-5": "GMT+05:00",
		"Indian/Kerguelen": "Heure des Terres australes et antarctiques françaises",
		"Indian/Maldives": "Heure des Maldives",
		"PLT": "Heure du Pakistan",
		"Asia/Calcutta": "Heure normale de l'Inde",
		"Asia/Colombo": "Heure normale de l'Inde",
		"Asia/Kolkata": "Heure normale de l'Inde",
		"IST": "Heure normale de l'Inde",
		"Asia/Kathmandu": "Heure du Népal",
		"Asia/Katmandu": "Heure du Népal",
		"Antarctica/Vostok": "Heure de Vostok",
		"Asia/Almaty": "Heure d'Almaty",
		"Asia/Bishkek": "Heure du Kirghizistan",
		"Asia/Dacca": "Heure du Bangladesh",
		"Asia/Dhaka": "Heure du Bangladesh",
		"Asia/Kashgar": "Heure normale du Xinjiang",
		"Asia/Novosibirsk": "Heure de Novossibirsk",
		"Asia/Omsk": "Heure d'Omsk",
		"Asia/Qyzylorda": "Heure de Qyzylorda",
		"Asia/Thimbu": "Heure du Bhoutan",
		"Asia/Thimphu": "Heure du Bhoutan",
		"Asia/Urumqi": "Heure normale du Xinjiang",
		"BST": "Heure du Bangladesh",
		"Etc/GMT-6": "GMT+06:00",
		"Indian/Chagos": "Heure des Territoire britannique de l'océan Indien",
		"Asia/Rangoon": "Heure du Myanmar",
		"Indian/Cocos": "Heure des îles Cocos",
		"Antarctica/Davis": "Heure de Davis",
		"Asia/Bangkok": "Heure d'Indochine",
		"Asia/Ho_Chi_Minh": "Heure d'Indochine",
		"Asia/Hovd": "Heure de Hovd",
		"Asia/Jakarta": "Heure d'Indonésie de l'Ouest",
		"Asia/Krasnoyarsk": "Heure de Krasnoïarsk",
		"Asia/Novokuznetsk": "Heure de Krasnoïarsk",
		"Asia/Phnom_Penh": "Heure d'Indochine",
		"Asia/Pontianak": "Heure d'Indonésie de l'Ouest",
		"Asia/Saigon": "Heure d'Indochine",
		"Asia/Vientiane": "Heure d'Indochine",
		"Etc/GMT-7": "GMT+07:00",
		"Indian/Christmas": "Heure de l'île Christmas",
		"VST": "Heure d'Indochine",
		"Antarctica/Casey": "Heure normale de l'Australie-Occidentale",
		"Asia/Brunei": "Heure du Brunei",
		"Asia/Chita": "Heure d'Irkoutsk",
		"Asia/Choibalsan": "Heure de Choibalsan",
		"Asia/Chongqing": "Heure normale de la Chine",
		"Asia/Chungking": "Heure normale de la Chine",
		"Asia/Harbin": "Heure normale de la Chine",
		"Asia/Hong_Kong": "Heure de Hong Kong",
		"Asia/Irkutsk": "Heure d'Irkoutsk",
		"Asia/Kuala_Lumpur": "Heure de la Malaisie",
		"Asia/Kuching": "Heure de la Malaisie",
		"Asia/Macao": "Heure normale de la Chine",
		"Asia/Macau": "Heure normale de la Chine",
		"Asia/Makassar": "Heure de l'Indonésie centrale",
		"Asia/Manila": "Heure des Philippines",
		"Asia/Shanghai": "Heure normale de la Chine",
		"Asia/Singapore": "Heure de Singapour",
		"Asia/Taipei": "Heure normale de la Chine",
		"Asia/Ujung_Pandang": "Heure de l'Indonésie centrale",
		"Asia/Ulaanbaatar": "Heure de Oulan-Bator",
		"Asia/Ulan_Bator": "Heure de Oulan-Bator",
		"Australia/Perth": "Heure normale de l'Australie-Occidentale",
		"Australia/West": "Heure normale de l'Australie-Occidentale",
		"CTT": "Heure normale de la Chine",
		"Etc/GMT-8": "GMT+08:00",
		"Hongkong": "Heure de Hong Kong",
		"PRC": "Heure normale de la Chine",
		"Singapore": "Heure de Singapour",
		"Australia/Eucla": "Heure normale de l'Australie centrale occidentale",
		"Asia/Dili": "Heure du Timor oriental",
		"Asia/Jayapura": "Heure de l'Indonésie orientale",
		"Asia/Khandyga": "Heure de Khandyga",
		"Asia/Pyongyang": "Heure normale de la Corée",
		"Asia/Seoul": "Heure normale de la Corée",
		"Asia/Tokyo": "Heure normale du Japon",
		"Asia/Yakutsk": "Heure de Iakoutsk",
		"Etc/GMT-9": "GMT+09:00",
		"JST": "Heure normale du Japon",
		"Japan": "Heure normale du Japon",
		"Pacific/Palau": "Heure de Palau",
		"ROK": "Heure normale de la Corée",
		"ACT": "Heure normale de l'Australie centrale (Territoire du Nord)",
		"Australia/Adelaide": "Heure normale de l'Australie centrale (Australie-Méridionale)",
		"Australia/Broken_Hill": "Heure normale de l'Australie centrale (Australie-Méridionale/Nouvelle-Galles du Sud)",
		"Australia/Darwin": "Heure normale de l'Australie centrale (Territoire du Nord)",
		"Australia/North": "Heure normale de l'Australie centrale (Territoire du Nord)",
		"Australia/South": "Heure normale de l'Australie centrale (Australie-Méridionale)",
		"Australia/Yancowinna": "Heure normale de l'Australie centrale (Australie-Méridionale/Nouvelle-Galles du Sud)",
		"AET": "Heure normale de l'Australie de l'Est (Nouvelle-Galles du Sud)",
		"Antarctica/DumontDUrville": "Heure de Dumont-d'Urville",
		"Asia/Magadan": "Heure de Magadan",
		"Asia/Sakhalin": "Heure de Sakhaline",
		"Asia/Ust-Nera": "Heure de Oust-Nera",
		"Asia/Vladivostok": "Heure de Vladivostok",
		"Australia/ACT": "Heure normale de l'Australie de l'Est (Nouvelle-Galles du Sud)",
		"Australia/Brisbane": "Heure normale de l'Australie de l'Est (Queensland)",
		"Australia/Canberra": "Heure normale de l'Australie de l'Est (Nouvelle-Galles du Sud)",
		"Australia/Currie": "Heure normale de l'Australie de l'Est (Nouvelle-Galles du Sud)",
		"Australia/Hobart": "Heure normale de l'Australie de l'Est (Tasmanie)",
		"Australia/Lindeman": "Heure normale de l'Australie de l'Est (Queensland)",
		"Australia/Melbourne": "Heure normale de l'Australie de l'Est (Victoria)",
		"Australia/NSW": "Heure normale de l'Australie de l'Est (Nouvelle-Galles du Sud)",
		"Australia/Queensland": "Heure normale de l'Australie de l'Est (Queensland)",
		"Australia/Sydney": "Heure normale de l'Australie de l'Est (Nouvelle-Galles du Sud)",
		"Australia/Tasmania": "Heure normale de l'Australie de l'Est (Tasmanie)",
		"Australia/Victoria": "Heure normale de l'Australie de l'Est (Victoria)",
		"Etc/GMT-10": "GMT+10:00",
		"Pacific/Chuuk": "Heure de Chuuk",
		"Pacific/Guam": "Heure normale des Chamorro",
		"Pacific/Port_Moresby": "Heure de Papouasie-Nouvelle-Guinée",
		"Pacific/Saipan": "Heure normale des Chamorro",
		"Pacific/Truk": "Heure de Chuuk",
		"Pacific/Yap": "Heure de Chuuk",
		"Australia/LHI": "Heure normale de l'île Lord Howe",
		"Australia/Lord_Howe": "Heure normale de l'île Lord Howe",
		"Antarctica/Macquarie": "Heure normale de l'île Macquarie",
		"Asia/Srednekolymsk": "Heure de Srednekolymsk",
		"Etc/GMT-11": "GMT+11:00",
		"Pacific/Efate": "Heure de Vanuatu",
		"Pacific/Guadalcanal": "Heure des îles Salomon",
		"Pacific/Kosrae": "Heure de Kosrae",
		"Pacific/Noumea": "Heure de la Nouvelle-Calédonie",
		"Pacific/Pohnpei": "Heure de Pohnpei",
		"Pacific/Ponape": "Heure de Pohnpei",
		"SST": "Heure des îles Salomon",
		"Pacific/Norfolk": "Heure de Norfolk",
		"Antarctica/McMurdo": "Heure normale de la Nouvelle-Zélande",
		"Antarctica/South_Pole": "Heure normale de la Nouvelle-Zélande",
		"Asia/Anadyr": "Heure de Anadyr",
		"Asia/Kamchatka": "Heure de Petropavlovsk-Kamtchatski",
		"Etc/GMT-12": "GMT+12:00",
		"Kwajalein": "Heure des îles Marshall",
		"NST": "Heure normale de la Nouvelle-Zélande",
		"NZ": "Heure normale de la Nouvelle-Zélande",
		"Pacific/Auckland": "Heure normale de la Nouvelle-Zélande",
		"Pacific/Fiji": "Heure de Fidji",
		"Pacific/Funafuti": "Heure de Tuvalu",
		"Pacific/Kwajalein": "Heure des îles Marshall",
		"Pacific/Majuro": "Heure des îles Marshall",
		"Pacific/Nauru": "Heure de Nauru",
		"Pacific/Tarawa": "Heure des îles Gilbert",
		"Pacific/Wake": "Heure de Wake",
		"Pacific/Wallis": "Heure de Wallis et Futuna",
		"NZ-CHAT": "Heure normale de Chatham",
		"Pacific/Chatham": "Heure normale de Chatham",
		"Etc/GMT-13": "GMT+13:00",
		"MIT": "Heure normale de l'île de Samoa occidentales",
		"Pacific/Apia": "Heure normale de l'île de Samoa occidentales",
		"Pacific/Enderbury": "Heure de l'île de Phoenix",
		"Pacific/Fakaofo": "Heure de Tokelau",
		"Pacific/Tongatapu": "Heure de Tonga",
		"Etc/GMT-14": "GMT+14:00",
		"Pacific/Kiritimati": "Heure des îles de la Ligne",
		"Pacific/Bougainville": "Heure normale de Bougainville",
		"America/Grand_Turk": "Heure normale de l'Atlantique"
	}
}
